MSOA,Median_HP,Borough,Inner,Area,Political,Pop_Density,Aged_15to64,LoneParent_HH,BAME,Rented,NoWork_Families,Low_BirthWeight,Male_LE
E02000001,485000,City of London,Inner,Central,Other,2624,76.68,3.49,21.37,52.4,0.9,4.2,83.6
E02000002,182250,Barking and Dagenham,Outer,East,Labour,3170,58.73,22.01,35.01,51.7,11.8,10.6,78
E02000003,205500,Barking and Dagenham,Outer,East,Labour,4771,65.82,15.36,45.39,33.2,7,7.8,80.2
E02000004,205000,Barking and Dagenham,Outer,East,Labour,2530,65.82,13.89,19.02,25.8,5.3,5.8,77.9
E02000005,167000,Barking and Dagenham,Outer,East,Labour,7289,64.57,18.63,33.73,40,9.6,7.7,76.8
E02000007,172500,Barking and Dagenham,Outer,East,Labour,5229,62.02,22.55,32.82,58,12.7,6.8,75.7
E02000008,162000,Barking and Dagenham,Outer,East,Labour,8190,63.99,19.8,30.36,52.4,11,7.1,74.5
E02000009,172247.5,Barking and Dagenham,Outer,East,Labour,9227,66.49,20.8,38.82,49.90000000000001,10.6,9,78.1
E02000010,163000,Barking and Dagenham,Outer,East,Labour,7901,64.14,21.29,30.8,52,12.7,9.1,75.5
E02000011,171500,Barking and Dagenham,Outer,East,Labour,3960,64.69,15.6,33.64,31.8,7.6,7.3,76.3
E02000012,260000,Barking and Dagenham,Outer,East,Labour,7731,66.3,11.23,56.11,29.2,5.3,7.4,78.5
E02000013,172250,Barking and Dagenham,Outer,East,Labour,6494,62.5,19.87,31.09,51.7,10.7,7.2,74.5
E02000014,163000,Barking and Dagenham,Outer,East,Labour,7958,63.67,19.88,29.51,54.9,11,8.2,76
E02000015,130000,Barking and Dagenham,Outer,East,Labour,5632,64.99,20.6,36.72,66.5,11.5,7.3,76.4
E02000016,132500,Barking and Dagenham,Outer,East,Labour,9276,70.39,16.33,70.41,75.3,10,6.7,84.1
E02000017,210000,Barking and Dagenham,Outer,East,Labour,9962,70.05,11.07,68.73,41.3,6.4,8,80.4
E02000018,161000,Barking and Dagenham,Outer,East,Labour,6648,63.95,21.56,35.86,59.2,12.8,7.5,78.5
E02000019,165500,Barking and Dagenham,Outer,East,Labour,2796,64.6,19.8,36.12,50.40000000000001,10.3,8.9,78.3
E02000020,215000,Barking and Dagenham,Outer,East,Labour,2833,63.64,18.61,53.64,54.7,9.4,8.5,78.9
E02000021,160000,Barking and Dagenham,Outer,East,Labour,2854,64.37,19.8,42.46,43.5,9.9,7.2,73.3
E02000022,130000,Barking and Dagenham,Outer,East,Labour,11963,63.27,24.93,61.78,80.5,17.1,8.3,74
E02000023,165000,Barking and Dagenham,Outer,East,Labour,3737,63.46,23.24,54.83,68.6,15.2,7.8,75.4
E02006799,177000,Barking and Dagenham,Outer,East,Labour,8796,64.21,19.76,37.89,52.1,10.5,8.1,74.9
E02000024,380000,Barnet,Outer,North,Conservative,2778,64.45,8.05,16.6,23.5,2.1,7.1,80.8
E02000025,307500,Barnet,Outer,North,Conservative,3357,67.76,11.51,21.27,35.2,4.3,8.2,80.3
E02000026,342500,Barnet,Outer,North,Conservative,4401,64.6,8.21,21.42,21.5,3.6,6.8,84.2
E02000027,299975,Barnet,Outer,North,Conservative,5823,64.31,17.95,30.33,44,7.1,7.5,77.5
E02000028,369375,Barnet,Outer,North,Conservative,5953,66.17,11.89,25.14,26.8,4.7,5.6,80.7
E02000029,319000,Barnet,Outer,North,Conservative,5131,66.51,13.49,25.02,34.9,5.9,7.6,80.1
E02000030,675000,Barnet,Outer,North,Conservative,632,62.59,11,24.97,20.2,3.8,10,79.6
E02000031,441500,Barnet,Outer,North,Conservative,3844,62.87,8.31,28.42,30.7,2.6,6.1,81.8
E02000032,437000,Barnet,Outer,North,Conservative,5651,64,8.32,32.29,13.2,2.4,7.5,83.1
E02000033,305000,Barnet,Outer,North,Conservative,4882,67.04,14.89,30.98,29.7,5.9,7.3,80.8
E02000034,275000,Barnet,Outer,North,Conservative,5574,65.98,12.93,29.28,33.6,5.1,8.3,79.9
E02000035,327500,Barnet,Outer,North,Conservative,6276,66.79,8.58,36.07,42.2,4.1,7.7,80.2
E02000036,342500,Barnet,Outer,North,Conservative,6064,64.79,13.77,42.04,32.1,5,6.9,81.6
E02000037,299500,Barnet,Outer,North,Conservative,2315,61.44,13.01,36.51,32.3,5.6,8.1,81.8
E02000038,384000,Barnet,Outer,North,Conservative,6160,69.95,13.02,34.53,34.09999999999999,4.9,6,78.8
E02000039,331250,Barnet,Outer,North,Conservative,3157,64.71,8.85,29.86,25.9,3.1,8.6,84.9
E02000040,402550,Barnet,Outer,North,Conservative,1397,63.71,14.27,37.7,39.5,6.7,6.3,81.9
E02000041,300000,Barnet,Outer,North,Conservative,6784,65.48,12.69,42.81,37.6,4.9,7.9,81.9
E02000042,276500,Barnet,Outer,North,Conservative,9014,69.36,8.64,42.03,44.3,3.6,8.4,79.8
E02000043,527722,Barnet,Outer,North,Conservative,5330,64.5,7.65,39.6,27.6,2.1,6.4,82.6
E02000044,250000,Barnet,Outer,North,Conservative,7388,66.84,19.99,43.9,49.7,8.9,9.1,78.4
E02000045,245500,Barnet,Outer,North,Conservative,6031,70.64,16.89,35.46,46.3,7.1,5.7,78.3
E02000046,365260,Barnet,Outer,North,Conservative,7484,72.19,8.04,37.22,48.3,3.1,7.2,80.9
E02000047,234000,Barnet,Outer,North,Conservative,8090,67.29,19.13,53.94,56.3,9.1,8,76.1
E02000048,365000,Barnet,Outer,North,Conservative,3232,65.08,8.91,36.11,30,3.9,6.8,83.3
E02000049,237500,Barnet,Outer,North,Conservative,11027,65.7,24.41,61.54,75.6,13.8,8.2,76.6
E02000050,289500,Barnet,Outer,North,Conservative,4854,68.5,13.24,37.63,46.7,5.6,7.5,78.8
E02000051,435000,Barnet,Outer,North,Conservative,6086,65.69,7.58,34.3,38.2,3,9.9,82.3
E02000052,382500,Barnet,Outer,North,Conservative,10296,71.47,9.44,26.55,46.59999999999999,3.6,5.8,80
E02000053,261075,Barnet,Outer,North,Conservative,6026,73.73,11.25,59.03,52.7,5.3,9.1,77.6
E02000054,250000,Barnet,Outer,North,Conservative,4901,71.83,9.01,45.96,43.8,4.2,6.3,82.6
E02000055,357500,Barnet,Outer,North,Conservative,7920,69.53,9.05,38.12,51.6,3.2,5.8,78.9
E02000056,960000,Barnet,Outer,North,Conservative,2859,61.89,6.37,20.32,27.3,2.3,5.9,82.9
E02000057,365000,Barnet,Outer,North,Conservative,6924,63.72,7.68,29.58,42.8,2.8,7.4,81.7
E02000058,612500,Barnet,Outer,North,Conservative,5776,62.91,6.97,23.22,36.1,2.7,8.6,82.4
E02000059,246000,Barnet,Outer,North,Conservative,4842,70.12,13.08,57.8,52.40000000000001,5.5,8.2,79.7
E02000060,570000,Barnet,Outer,North,Conservative,9090,59.28,6.35,27.39,48.3,3.4,5.5,80.2
E02000061,889500,Barnet,Outer,North,Conservative,5181,69.38,6.65,33.71,46.4,2.3,6.3,79.6
E02000062,300000,Barnet,Outer,North,Conservative,3532,70.6,17.56,50.63,61,8.5,8.7,75.1
E02000063,320000,Barnet,Outer,North,Conservative,6895,68.63,12.62,47.73,43.9,7.4,6.9,77.4
E02000064,360000,Barnet,Outer,North,Conservative,8102,69.31,13.67,39.15,55.7,7.3,7.6,75.1
E02000065,149000,Bexley,Outer,East,Conservative,2480,67.39,17.85,56.69,47.2,9.2,8,74.4
E02000066,151500,Bexley,Outer,East,Conservative,6147,65.56,19.95,47.09,63,9.2,7,76.9
E02000067,145000,Bexley,Outer,East,Conservative,3881,65.86,17.04,30.42,40.6,7.2,5.1,78
E02000068,156000,Bexley,Outer,East,Conservative,3295,66.23,17.63,34.69,46.9,9.8,8,75.7
E02000069,176000,Bexley,Outer,East,Conservative,4289,63.14,14.19,25.64,27.8,5.2,7.2,78.8
E02000070,227000,Bexley,Outer,East,Conservative,4249,63.78,10.04,17.61,16.5,2.7,5.5,79.6
E02000071,187000,Bexley,Outer,East,Conservative,6277,67.04,15.35,15.11,21.4,5.2,6.2,79.9
E02000072,155500,Bexley,Outer,East,Conservative,2726,64.45,22.34,28.75,57.7,12.3,8.6,74.8
E02000073,250000,Bexley,Outer,East,Conservative,6685,62.9,9.27,16.2,9.7,2.8,6.2,81.5
E02000074,157000,Bexley,Outer,East,Conservative,6880,64.04,17.33,17.86,44.5,7.8,9.5,77.2
E02000075,250000,Bexley,Outer,East,Conservative,5158,61.83,8.86,11.56,10.9,1.9,6.6,81.3
E02000077,235000,Bexley,Outer,East,Conservative,7064,64.52,10.87,17.13,17.8,2.7,5.9,80.1
E02000078,207000,Bexley,Outer,East,Conservative,5213,65.25,9.95,9.37,12.1,2.4,6.2,80.1
E02000079,220000,Bexley,Outer,East,Conservative,4752,62.69,10.74,13.41,20.1,2.5,6.7,78
E02000080,236000,Bexley,Outer,East,Conservative,5534,65.33,11.64,18.5,17.3,3.6,4.3,79.5
E02000081,210000,Bexley,Outer,East,Conservative,3407,62.25,10.98,10.45,22.4,3.3,6.3,80.1
E02000082,237000,Bexley,Outer,East,Conservative,6004,66.18,10.28,12.58,8.6,1.8,5.6,79.9
E02000083,180000,Bexley,Outer,East,Conservative,2685,65.23,12.87,12.12,28.3,4.9,7.9,77.7
E02000084,249995,Bexley,Outer,East,Conservative,4080,64.67,9.22,12.9,12.6,2.2,5.2,83.1
E02000085,221000,Bexley,Outer,East,Conservative,4924,65.72,12.42,9.98,14,2.7,4.3,81.8
E02000086,249475,Bexley,Outer,East,Conservative,4986,66.1,10.04,7.44,9.100000000000001,1.9,5.7,85.2
E02000087,261000,Bexley,Outer,East,Conservative,2044,61.01,7.8,10.33,14.1,1.9,3.2,83.9
E02000088,254975,Bexley,Outer,East,Conservative,3876,63.84,9.18,8.19,10.3,1.7,4,82.2
E02000089,285000,Bexley,Outer,East,Conservative,5739,62.87,8.14,7.61,10.9,1.7,5.9,82.7
E02000090,210000,Bexley,Outer,East,Conservative,4907,64.26,8.76,9.44,26.8,2.8,7.3,76.9
E02000091,235000,Bexley,Outer,East,Conservative,3604,62.51,9.77,10.54,29.6,2.7,6.6,79.6
E02000092,203500,Bexley,Outer,East,Conservative,1105,62.75,16.53,12.59,41.7,7.3,5.4,78.4
E02006785,214000,Bexley,Outer,East,Conservative,4739,63.7,12.74,17.83,25.1,4.1,8.1,79.5
E02000093,319000,Brent,Outer,West,Labour,7897,67.88,11.3,72.06,32.90000000000001,4.8,9.8,82.5
E02000094,319950,Brent,Outer,West,Labour,7561,68.45,13.11,62.53,38.4,5.6,8.8,81.9
E02000095,379000,Brent,Outer,West,Labour,6371,68.21,10.39,72.17,37.8,4.4,8.5,82.2
E02000096,425000,Brent,Outer,West,Labour,4507,65.26,8.1,67.72,22.9,2.1,6.9,83.2
E02000097,310000,Brent,Outer,West,Labour,4812,67.35,11.11,63.88,35.2,5.1,7.3,79.5
E02000098,356800,Brent,Outer,West,Labour,4335,67.45,11.35,67.21,43.59999999999999,4.4,7,81.1
E02000099,310000,Brent,Outer,West,Labour,6721,68.27,12.72,70,44.7,6,11,82.3
E02000100,369950,Brent,Outer,West,Labour,4029,71.65,8.09,68.42,32.5,2.2,12,81
E02000101,232500,Brent,Outer,West,Labour,6757,67.18,15.67,69.66,58.2,7.9,7.9,76.9
E02000102,261250,Brent,Outer,West,Labour,5731,65.87,17.03,68.33,51.6,9.2,8.1,80.2
E02000103,287500,Brent,Outer,West,Labour,4948,65.53,17.54,57.76,49.5,8.7,9.2,81.3
E02000104,280000,Brent,Outer,West,Labour,6118,67.2,11.3,70.1,38.4,4.6,9.4,80.2
E02000105,210000,Brent,Outer,West,Labour,6891,70.3,11.91,75.76,48,4.9,9.4,84.4
E02000106,307000,Brent,Outer,West,Labour,7761,68.8,16.09,62.37,55.4,9.7,6.7,79.2
E02000107,321500,Brent,Outer,West,Labour,11555,74.99,11.13,46.53,62.59999999999999,5.2,8.2,77.4
E02000108,240000,Brent,Outer,West,Labour,8091,68.57,12.16,73.78,42.9,5.7,8.7,80
E02000109,245000,Brent,Outer,West,Labour,5189,70.85,11.24,76.27,47.7,5,7.5,77.4
E02000110,500000,Brent,Outer,West,Labour,10421,74.72,11.38,46.93,52.7,5.1,6.9,79.2
E02000111,260000,Brent,Outer,West,Labour,8926,70.74,11.08,83.79,46.59999999999999,3.9,10,77.7
E02000112,291500,Brent,Outer,West,Labour,7499,72.59,11.13,78.93,44.9,4.4,8.9,78.6
E02000113,245250,Brent,Outer,West,Labour,6616,64.93,28.04,75.26,74.10000000000001,14.3,8.1,77.4
E02000114,307500,Brent,Outer,West,Labour,15023,76.07,11.45,47.44,65.6,4.9,8.2,75
E02000115,381500,Brent,Outer,West,Labour,9892,76.45,8.62,37.88,66,3.2,6.9,79.4
E02000116,278375,Brent,Outer,West,Labour,7798,71.75,17.77,59.23,72.8,8.9,6.2,72.2
E02000117,238000,Brent,Outer,West,Labour,13669,66.78,23.46,68.88,73.80000000000001,11.4,8.5,75.3
E02000118,222500,Brent,Outer,West,Labour,7870,72.21,13.65,82.68,45.3,5.4,11.6,77.4
E02000119,226000,Brent,Outer,West,Labour,2947,64.58,24.84,78.15,81.6,11.9,8.4,75.2
E02000120,416250,Brent,Outer,West,Labour,18477,76.55,9.49,35.82,64.9,3.5,6.2,76.1
E02000121,210000,Brent,Outer,West,Labour,6710,71.61,10.26,83.97,43.1,4.6,12.2,77.7
E02000122,710000,Brent,Outer,West,Labour,6658,68.43,11.36,41.77,43.3,3.9,8.5,84.7
E02000123,310000,Brent,Outer,West,Labour,14416,71.35,19.61,60.24,73,9.2,8.5,74.9
E02000124,375000,Brent,Outer,West,Labour,9308,74.65,11.65,35.18,56.90000000000001,4.3,7.9,79.6
E02000125,423750,Brent,Outer,West,Labour,14137,71.97,12.87,46.12,49.4,4.8,7.1,79.1
E02000126,305000,Brent,Outer,West,Labour,16881,68.06,18.72,66.88,85.1,8.8,9.4,74.7
E02000127,195000,Bromley,Outer,South,Conservative,3895,63.94,19.24,19.49,46.2,8.9,9.3,75.9
E02000128,285000,Bromley,Outer,South,Conservative,2873,64.85,10.88,11.67,24.9,3.3,5.8,80.7
E02000130,279997.5,Bromley,Outer,South,Conservative,5432,69.45,12.04,30.5,39,3.7,7.9,76.7
E02000131,185000,Bromley,Outer,South,Conservative,5224,76.14,13.07,37.38,59.8,5.8,7.1,76.6
E02000132,246250,Bromley,Outer,South,Conservative,5132,71.39,8.12,19.52,44.4,3.7,5.4,78.5
E02000133,499999.5,Bromley,Outer,South,Conservative,1630,60.9,5.81,12.09,13.5,1.6,6.5,80.4
E02000134,248000,Bromley,Outer,South,Conservative,5659,68.51,9.89,16.98,41,3.4,6.4,78.9
E02000135,177500,Bromley,Outer,South,Conservative,8607,69.51,21.56,43.5,71.9,10.5,7.2,73.6
E02000136,253997.5,Bromley,Outer,South,Conservative,1254,59.78,11.24,15.05,25.2,5.1,8.2,78.6
E02000137,263750,Bromley,Outer,South,Conservative,4323,64.65,7.95,15.18,26.2,2.3,5.9,78
E02000138,275000,Bromley,Outer,South,Conservative,3891,63.95,5.4,14.26,26,1.1,3.9,82.9
E02000139,286250,Bromley,Outer,South,Conservative,4844,70.02,10.71,16.85,30.4,2.9,5,78.7
E02000140,200000,Bromley,Outer,South,Conservative,4292,62.69,19.42,15.66,51.4,9.5,6.2,76.5
E02000141,241500,Bromley,Outer,South,Conservative,7562,69.85,13.19,30.37,33.6,4.5,6.1,77.6
E02000142,277750,Bromley,Outer,South,Conservative,4699,64.58,9.41,14.79,22,2.6,7.8,78.9
E02000144,296000,Bromley,Outer,South,Conservative,4481,67.36,9.21,19.59,30.5,2.3,7.9,82.5
E02000145,169975,Bromley,Outer,South,Conservative,736,62.41,20.44,19.34,46.4,11.3,8.7,76.5
E02000146,245000,Bromley,Outer,South,Conservative,4783,65.18,10.01,13.08,24.6,1.9,6.3,77.7
E02000147,440000,Bromley,Outer,South,Conservative,3565,61.42,6.03,14.24,13.5,1.5,4.2,84.5
E02000148,377500,Bromley,Outer,South,Conservative,2359,60.7,8.13,11.34,14.4,2.1,6.5,81.1
E02000149,215000,Bromley,Outer,South,Conservative,4154,64.04,15.33,11.91,30.9,6.8,6.3,80.1
E02000150,340000,Bromley,Outer,South,Conservative,2768,65.28,11,16.42,17.4,2.3,4.6,81.8
E02000151,430000,Bromley,Outer,South,Conservative,3606,59.74,6.75,8.9,7.4,1.3,5.6,85
E02000152,305000,Bromley,Outer,South,Conservative,2664,63.23,19.06,16.01,36.7,7.9,6,78.2
E02000153,385000,Bromley,Outer,South,Conservative,3462,63.25,9.34,8.51,6.8,1.6,5.7,80.1
E02000154,275000,Bromley,Outer,South,Conservative,3870,64.91,9.63,13.04,22.4,2.8,7.7,81.5
E02000155,249995,Bromley,Outer,South,Conservative,3816,60.54,9.94,10.37,15.9,2.2,7.4,79.9
E02000156,375000,Bromley,Outer,South,Conservative,3155,61.13,8.54,10.61,13.1,1.4,7.6,81.7
E02000157,320000,Bromley,Outer,South,Conservative,3281,58.78,7.73,8.02,8.2,1.4,8.6,82.9
E02000158,250000,Bromley,Outer,South,Conservative,3451,58.76,13.69,12.21,27,6.5,8.1,80.9
E02000159,382000,Bromley,Outer,South,Conservative,1181,60.99,7.86,9.76,10.5,2.2,7,84.1
E02000160,358000,Bromley,Outer,South,Conservative,942,63.76,7.92,6.47,12.1,1.7,7.2,80.3
E02000161,294500,Bromley,Outer,South,Conservative,4926,62.88,7.9,11.68,8.6,1.4,7.4,83
E02000162,291500,Bromley,Outer,South,Conservative,528,58.27,10.59,9.46,24.9,2.8,9,80.2
E02000163,320000,Bromley,Outer,South,Conservative,677,61.22,8.07,7.11,13.9,1.7,5.5,81.9
E02000165,233000,Bromley,Outer,South,Conservative,1258,67.21,10.67,4.68,10.4,2,4,80.9
E02006782,250000,Bromley,Outer,South,Conservative,2964,63.36,15.3,23.17,28.5,5.5,8.4,79.1
E02006787,311000,Bromley,Outer,South,Conservative,5119,64.88,10.78,15.53,19.9,2.6,5.5,82.4
E02006789,321000,Bromley,Outer,South,Conservative,286,60.21,8.38,4.06,13.1,2.6,5.9,82
E02000166,425000,Camden,Inner,Central,Labour,2664,67,12.04,20.62,52.1,5,8.3,83.4
E02000167,717500,Camden,Inner,Central,Labour,3699,63.03,4.44,15.18,41.8,1.5,6.1,82.4
E02000168,437500,Camden,Inner,Central,Labour,12317,71.8,9.99,21.78,56,4,4.6,74
E02000169,1167500,Camden,Inner,Central,Labour,6627,63.91,6.08,24.12,41.4,2.2,5.3,81
E02000170,570000,Camden,Inner,Central,Labour,10863,74.4,6.54,25.68,53.5,2.5,7.8,78.5
E02000171,613750,Camden,Inner,Central,Labour,15671,70.91,9.37,22.92,54.2,3.9,8.3,82.7
E02000172,375000,Camden,Inner,Central,Labour,15819,71.17,17.3,37.44,75.5,9.4,9,73.5
E02000173,897250,Camden,Inner,Central,Labour,10068,71.15,4.79,29.9,57.8,1.8,6.8,79.6
E02000174,382500,Camden,Inner,Central,Labour,16038,73.74,12.24,32.11,67.3,5.6,9.2,74.5
E02000175,499950,Camden,Inner,Central,Labour,12713,78.34,7.93,29.7,65.6,3.5,8.1,80.2
E02000176,665000,Camden,Inner,Central,Labour,16654,72.98,3.96,22.31,52.09999999999999,1,3.5,87.2
E02000177,427500,Camden,Inner,Central,Labour,17680,70.33,15.68,35.99,72.2,8.1,7.1,79.3
E02000178,400000,Camden,Inner,Central,Labour,16504,77.25,11.21,36.92,71.4,5.6,8.2,75.5
E02000179,740000,Camden,Inner,Central,Labour,17093,68.17,11.53,33.35,61.9,6.6,7,82
E02000180,435000,Camden,Inner,Central,Labour,16174,74.97,11.05,33.93,69.30000000000001,4.5,9,77.2
E02000181,585000,Camden,Inner,Central,Labour,14435,76.58,6.62,24.21,56.1,2.9,9.7,80.5
E02000182,575000,Camden,Inner,Central,Labour,8871,68.55,8.94,40.29,57.40000000000001,4.8,7.3,82.1
E02000183,695000,Camden,Inner,Central,Labour,10246,69.56,6.96,22.79,58.8,3.4,7.1,80.5
E02000184,339950,Camden,Inner,Central,Labour,13180,75.29,13.9,40.99,75.5,6.9,7.1,75.8
E02000185,385000,Camden,Inner,Central,Labour,18153,68.41,12.87,42.04,76.2,7.3,8,72.4
E02000186,645000,Camden,Inner,Central,Labour,6766,77.92,8.49,30.57,68.9,3.5,8.8,74.4
E02000187,363789,Camden,Inner,Central,Labour,8825,69.13,16.57,52.94,85.9,9.6,11.1,76.3
E02000188,329500,Camden,Inner,Central,Labour,16700,73.98,14.7,51.61,84.4,6.8,9.1,76
E02000189,420000,Camden,Inner,Central,Labour,20349,74.31,15.22,54.63,84.1,7.2,8.9,77.4
E02000190,370000,Camden,Inner,Central,Labour,20980,79.44,9.21,43.01,76.30000000000001,3.3,10,77.5
E02000191,642000,Camden,Inner,Central,Labour,12827,86.73,4.64,43.23,71.5,1.3,5.8,83
E02000192,462500,Camden,Inner,Central,Labour,17058,74.46,11.32,41.48,77.8,6,9.8,76.6
E02000193,499000,Camden,Inner,Central,Labour,7291,82.99,4.86,35.61,67.4,1.6,8.5,80.1
E02000194,235000,Croydon,Outer,South,Conservative,6404,70.79,16.2,39.56,50.4,5.6,8.6,75.1
E02000195,306000,Croydon,Outer,South,Conservative,4808,67.54,12.25,53.89,25.7,3.9,9.3,80.9
E02000196,298250,Croydon,Outer,South,Conservative,6133,69.15,16.92,64.39,38.7,6,9,76.9
E02000197,249500,Croydon,Outer,South,Conservative,9347,65.46,17.98,64.12,43.7,7.8,7.9,79.3
E02000198,190000,Croydon,Outer,South,Conservative,9159,66.87,21.96,62.68,48.2,9.1,10.6,78.6
E02000199,215000,Croydon,Outer,South,Conservative,9871,67.88,22.07,66.6,33.2,7.4,9.1,79.8
E02000200,184950,Croydon,Outer,South,Conservative,6736,70.82,17.06,54.18,44.6,7.7,9.9,76.3
E02000201,158225,Croydon,Outer,South,Conservative,9974,67.91,21.37,60.17,60.3,9.2,9.6,77.4
E02000202,220000,Croydon,Outer,South,Conservative,11626,67.05,16.5,75.15,30.6,5.8,9.9,82.3
E02000203,185000,Croydon,Outer,South,Conservative,9801,67.24,18.62,70.92,51.09999999999999,7.1,8.6,77.5
E02000204,229550,Croydon,Outer,South,Conservative,8667,66.25,18.21,79.66,34.4,7.3,8.9,78.3
E02000206,181975,Croydon,Outer,South,Conservative,6692,66.48,23.32,63.55,54.5,10,10.1,77.8
E02000207,187750,Croydon,Outer,South,Conservative,7454,68.17,22.74,54.04,48.4,9.7,10.1,76.5
E02000208,170000,Croydon,Outer,South,Conservative,11517,67.57,22.51,71.74,58.8,11.4,11,72.4
E02000209,182000,Croydon,Outer,South,Conservative,8381,66.48,20.79,72.27,41.7,9,9.2,79.9
E02000210,221000,Croydon,Outer,South,Conservative,10809,70.32,15.72,42.83,31.7,5.2,8.6,80.5
E02000211,282500,Croydon,Outer,South,Conservative,4855,65.3,10.92,25.37,14.5,2.3,7.7,83
E02000212,185000,Croydon,Outer,South,Conservative,6925,66.5,20.76,70.25,51.4,9.4,9.2,77.3
E02000213,170000,Croydon,Outer,South,Conservative,9330,70.15,19.78,66.68,68.69999999999999,10.9,9.5,74.2
E02000214,275000,Croydon,Outer,South,Conservative,6145,67.94,10.99,32.78,17.7,2.8,6.7,81.6
E02000215,198000,Croydon,Outer,South,Conservative,10569,72.22,10.76,45.52,55,5,7.5,77.9
E02000216,235500,Croydon,Outer,South,Conservative,2981,62.76,7.03,50.8,43.4,2.4,9,81.8
E02000217,195000,Croydon,Outer,South,Conservative,7120,70.37,17.01,47.66,51.2,7.9,8.7,76.4
E02000218,298500,Croydon,Outer,South,Conservative,5993,63.8,21.91,40.03,40.8,10.5,9.7,80.7
E02000219,325000,Croydon,Outer,South,Conservative,1347,63.43,6.57,26.05,9.6,1.5,8.6,83.6
E02000220,181500,Croydon,Outer,South,Conservative,6751,74.11,12.4,41.85,60.4,4.6,9.8,76.3
E02000221,214250,Croydon,Outer,South,Conservative,3602,65.79,20.41,46.15,48.5,9,9,75.7
E02000222,208000,Croydon,Outer,South,Conservative,4349,70.44,9.97,30.81,37.09999999999999,3.6,7.4,79.3
E02000223,164500,Croydon,Outer,South,Conservative,8776,60.27,35.17,38.37,71.3,18.4,9.9,76.9
E02000224,220650,Croydon,Outer,South,Conservative,6075,69.56,11.21,31.66,35.6,4.8,5.4,78.1
E02000225,185000,Croydon,Outer,South,Conservative,4725,65.11,22.82,22.35,43,9,6.6,75.3
E02000226,326000,Croydon,Outer,South,Conservative,2328,65.55,7.76,23.08,8.3,1.9,7.2,84.2
E02000227,210000,Croydon,Outer,South,Conservative,2518,66.52,13.11,20.01,24,4,8.7,83.1
E02000228,400000,Croydon,Outer,South,Conservative,2451,61.83,5.2,20.48,10.6,1.9,6.7,84.2
E02000229,180750,Croydon,Outer,South,Conservative,4950,62,24.74,25.32,57.59999999999999,12.5,8.4,75.5
E02000230,307500,Croydon,Outer,South,Conservative,3894,66.46,9.94,31.7,26.4,3.5,9.3,81.2
E02000231,532500,Croydon,Outer,South,Conservative,2303,66.07,6.13,32.54,11.5,2,7.2,79.3
E02000232,312375,Croydon,Outer,South,Conservative,1430,62.84,10.33,17.05,16,2.9,6.3,79.4
E02000233,250000,Croydon,Outer,South,Conservative,3933,65.11,12.71,24.66,25.3,4.8,7.1,79.6
E02000234,300000,Croydon,Outer,South,Conservative,2642,65.22,11.89,26.27,27.7,3.7,5.5,80.8
E02000235,300000,Croydon,Outer,South,Conservative,1327,65.92,11.47,18.67,18,3.8,3.8,81.3
E02000236,315000,Croydon,Outer,South,Conservative,2169,65.67,10.68,15.88,11.6,2.5,6.6,80.9
E02000237,307500,Croydon,Outer,South,Conservative,1532,60.76,9.68,13.95,18.3,2.6,7.4,81.8
E02006788,214300,Croydon,Outer,South,Conservative,5487,67.07,26.56,49.83,44.7,8.6,12.1,79.9
E02000238,250000,Ealing,Outer,West,Labour,6402,68.63,13.34,52.28,35,5,7.7,78.1
E02000239,300000,Ealing,Outer,West,Labour,3855,69.29,9.68,58.42,27.9,2.8,11.2,82.3
E02000240,249000,Ealing,Outer,West,Labour,6030,65.66,20.42,52.81,48.09999999999999,9.8,8,78
E02000241,253500,Ealing,Outer,West,Labour,5203,69.43,12.81,48.85,31.3,5.9,7.4,85.7
E02000242,289000,Ealing,Outer,West,Labour,7795,69.77,10.74,63.6,34.5,4,8.1,80.1
E02000243,230000,Ealing,Outer,West,Labour,3018,67.98,13.79,51.04,42.9,4.4,6.9,78.1
E02000244,274000,Ealing,Outer,West,Labour,4076,69.36,10.72,46.14,33.9,4.4,7.1,81.6
E02000245,189000,Ealing,Outer,West,Labour,5014,65.82,20,56.5,60.90000000000001,12.1,7.6,78.8
E02000246,228500,Ealing,Outer,West,Labour,4268,64.91,20.09,54.54,50,9.7,7,77.3
E02000247,197500,Ealing,Outer,West,Labour,7424,65.31,16.94,57.83,47.8,9.3,8.3,78.4
E02000248,310000,Ealing,Outer,West,Labour,4290,70.63,10.27,46.97,47.6,4.9,5.6,82.4
E02000249,263750,Ealing,Outer,West,Labour,6116,66.82,12.34,55.04,41.6,5.3,7.3,81
E02000250,550000,Ealing,Outer,West,Labour,6488,64.94,7.44,24.22,25.4,1.8,6,81.5
E02000251,260000,Ealing,Outer,West,Labour,8374,69.92,12.82,72.07,27.6,5.4,9.7,78.3
E02000252,249975,Ealing,Outer,West,Labour,3081,74.41,16.65,51.15,59.7,9.3,6.9,79.1
E02000253,275000,Ealing,Outer,West,Labour,8371,64.61,19.04,45.28,55.1,8.1,5.8,76.7
E02000254,247475,Ealing,Outer,West,Labour,8583,69.64,10.78,87.38,29.1,4.6,9.2,77.9
E02000255,355000,Ealing,Outer,West,Labour,6114,67.91,12.98,38.5,42.59999999999999,6.2,7.6,77.1
E02000256,316000,Ealing,Outer,West,Labour,8159,72.31,7.38,30.84,49.40000000000001,3.1,9.2,77.2
E02000257,340000,Ealing,Outer,West,Labour,6192,73.6,6.18,37.3,56.3,2.7,7.3,80.1
E02000258,420000,Ealing,Outer,West,Labour,6629,71.29,11.44,41.05,52.59999999999999,5.4,6.3,79.2
E02000259,333000,Ealing,Outer,West,Labour,4948,69.5,11.74,30.74,34.40000000000001,3.6,10.1,77.6
E02000260,240000,Ealing,Outer,West,Labour,8119,69.07,11.99,90.45,40,6.2,9.6,77
E02000261,326200,Ealing,Outer,West,Labour,8392,71.5,14.38,49.09,54.40000000000001,6.9,9.3,77.9
E02000262,342500,Ealing,Outer,West,Labour,12831,73.01,11.08,37.15,60.2,4.9,7.5,75
E02000263,230000,Ealing,Outer,West,Labour,9589,68.92,10.97,93.86,39.1,6.3,11.3,77.8
E02000264,325475,Ealing,Outer,West,Labour,5634,72.03,7.3,33.4,49.1,2.9,4.1,78.9
E02000265,330500,Ealing,Outer,West,Labour,10784,71.27,11,38.29,55,5,6.1,77.4
E02000266,237500,Ealing,Outer,West,Labour,3174,69.2,19.97,77.29,61,11.4,9.5,76.7
E02000267,335000,Ealing,Outer,West,Labour,9328,70.18,11.03,28.67,40.4,3.8,4.5,72.9
E02000268,469250,Ealing,Outer,West,Labour,6963,72.04,9.88,26.88,45.8,3.8,6,78
E02000269,475500,Ealing,Outer,West,Labour,9120,70.47,6.04,23.36,34.7,2,6.9,81.6
E02000270,325000,Ealing,Outer,West,Labour,10049,67.12,16.78,51.97,70.1,9.1,7,81.6
E02000271,750000,Ealing,Outer,West,Labour,8920,70.61,6.13,17.21,34.6,2,7.5,80.8
E02000272,467250,Ealing,Outer,West,Labour,5550,67.67,7.83,25.87,24.4,2,5.4,79.9
E02000274,220000,Ealing,Outer,West,Labour,9008,69.85,14,91.62,44.7,9.1,10.6,77.9
E02000275,247500,Ealing,Outer,West,Labour,6219,68.07,10.42,82.99,46,7,10.4,79.1
E02000276,361150,Ealing,Outer,West,Labour,7971,71.97,7.1,24.35,40.3,2.1,5.6,77.3
E02006791,427581,Ealing,Outer,West,Labour,9621,74.33,7.66,24.32,47.3,2.8,6.2,80.3
E02000277,220000,Enfield,Outer,North,Labour,6858,65.77,18.56,35.07,30.1,9.3,8.7,80
E02000278,209225,Enfield,Outer,North,Labour,6900,62.71,24.62,39.07,50.4,14.7,10.6,75.8
E02000279,207500,Enfield,Outer,North,Labour,4481,66.56,23.78,48.2,50,14.3,8.6,78.3
E02000280,284000,Enfield,Outer,North,Labour,542,64.9,13.88,17.87,31.9,5.7,10.8,78.2
E02000281,225000,Enfield,Outer,North,Labour,4629,65.82,18.58,31.77,42,9.6,9.3,76.8
E02000282,190250,Enfield,Outer,North,Labour,7235,64.39,24.58,42.82,58.7,16.7,8.7,76
E02000283,230000,Enfield,Outer,North,Labour,7395,65.64,21.84,39.61,35.3,12,6.8,81.4
E02000284,250000,Enfield,Outer,North,Labour,6446,66.09,11.52,18.84,30.5,4.5,8.1,81.3
E02000285,310000,Enfield,Outer,North,Labour,6672,64.72,9.77,17.51,12.2,2.8,6.7,80.3
E02000286,250000,Enfield,Outer,North,Labour,3993,66.32,7.35,19.21,28.6,2.1,7.8,82.8
E02000287,690000,Enfield,Outer,North,Labour,761,63.21,7.87,23.73,23.9,2.7,6.5,81.8
E02000288,205000,Enfield,Outer,North,Labour,5047,66.27,18.97,49.3,45.7,11.3,9.1,78.5
E02000289,429950,Enfield,Outer,North,Labour,1942,62.48,9.58,23,13.4,3.3,8.2,82.4
E02000290,156000,Enfield,Outer,North,Labour,1511,64.56,24.99,54.81,64.1,15.5,7.3,74.9
E02000291,219000,Enfield,Outer,North,Labour,7970,65.97,14.46,29.8,43.5,7.5,9.7,79.1
E02000292,245119,Enfield,Outer,North,Labour,5137,66.27,16.55,33.27,26.6,6.8,8.8,79.1
E02000293,450000,Enfield,Outer,North,Labour,2943,62.01,7.98,19.09,14.8,2.8,10.6,84.3
E02000294,220000,Enfield,Outer,North,Labour,5954,65.3,18.15,51.02,37.09999999999999,10.5,8.7,78.5
E02000295,307500,Enfield,Outer,North,Labour,5273,64.85,12.94,30.64,29.4,5.4,8.6,80.4
E02000296,265000,Enfield,Outer,North,Labour,5424,67.75,12.74,31.5,45.2,5.8,8.1,80.2
E02000297,358500,Enfield,Outer,North,Labour,5687,66.1,10.05,24.94,13.5,2.6,10.1,82.5
E02000298,480000,Enfield,Outer,North,Labour,4026,65.37,7.45,19.28,21.1,1.9,8.2,83.6
E02000299,204500,Enfield,Outer,North,Labour,10773,64.34,21.64,59.3,46,11.6,9.7,77.1
E02000300,215032.5,Enfield,Outer,North,Labour,10691,66.64,19.75,57.03,43.2,10.8,8.7,76.2
E02000301,187500,Enfield,Outer,North,Labour,5662,65.33,24.39,58.22,58.8,13.7,8.4,78
E02000302,335000,Enfield,Outer,North,Labour,5276,66.95,13.51,35.43,29.4,4.9,10,80.4
E02000303,233500,Enfield,Outer,North,Labour,6929,65.35,22.4,55.27,59.2,14,8.9,77.6
E02000304,485000,Enfield,Outer,North,Labour,4693,66.19,7.89,26.36,20.3,2.3,8,82.7
E02000305,280000,Enfield,Outer,North,Labour,9151,71.74,9.19,27.42,36.3,2.8,6,77.4
E02000306,166000,Enfield,Outer,North,Labour,4530,64.89,25.26,62.16,73.7,14.6,9.1,73.7
E02000307,247500,Enfield,Outer,North,Labour,9066,66.28,18.53,48.37,31.3,10.3,10,82
E02000308,330000,Enfield,Outer,North,Labour,6836,69.91,15.17,40.59,44.2,6.4,6.9,76.6
E02000309,200000,Enfield,Outer,North,Labour,6627,65.82,24.86,61.34,51.9,13.9,10,74.9
E02000311,250000,Enfield,Outer,North,Labour,7185,68.67,17.15,43.94,39.40000000000001,7.7,8.4,80.7
E02000312,300000,Enfield,Outer,North,Labour,8364,73.85,11.15,34.46,44.5,3.7,6.8,78.1
E02006793,180500,Enfield,Outer,North,Labour,9301,66.54,24.58,58.89,67.2,15.1,9.1,75.9
E02000313,164995,Greenwich,Outer,East,Labour,9250,67.16,18.83,50.73,75.2,10.4,7.1,75.1
E02000314,161500,Greenwich,Outer,East,Labour,4342,68.61,19.9,61.07,56.4,11.4,6,74.1
E02000315,162500,Greenwich,Outer,East,Labour,7698,63.24,21.19,47.72,60.8,12.1,7.9,72.4
E02000316,207500,Greenwich,Outer,East,Labour,5906,75.35,12.74,46.88,73.7,7,7.1,71
E02000317,152400,Greenwich,Outer,East,Labour,13093,66.91,21.81,51.71,77.7,14.1,8,74.2
E02000318,171000,Greenwich,Outer,East,Labour,9225,70.85,15.35,64.98,54.7,7.7,8.8,73.4
E02000319,190000,Greenwich,Outer,East,Labour,12132,72.52,15.34,58.43,60.8,7.9,10.1,73.1
E02000320,184497.5,Greenwich,Outer,East,Labour,4664,67.62,17.75,44.34,45,8.6,7.9,76.2
E02000321,197500,Greenwich,Outer,East,Labour,11782,68.65,18.91,49.79,73.1,9.7,9.1,73.6
E02000323,187500,Greenwich,Outer,East,Labour,14376,69.4,18.77,60.97,72.2,9.9,9,73.1
E02000324,249000,Greenwich,Outer,East,Labour,5698,66.65,17.14,39.89,66.1,8.8,7.8,71.4
E02000326,337250,Greenwich,Outer,East,Labour,9937,70.43,13.2,32.36,48.2,6.4,7.1,77.6
E02000327,181500,Greenwich,Outer,East,Labour,3809,68.53,18.92,52.41,79.2,10.6,7.6,79.2
E02000328,375000,Greenwich,Outer,East,Labour,7668,69.26,6.91,18.38,50.4,2.9,4,77.3
E02000329,180500,Greenwich,Outer,East,Labour,3546,68.41,15.19,35.92,37.1,5.3,5.5,78.3
E02000331,227500,Greenwich,Outer,East,Labour,8078,69.72,14.31,35.26,54.8,6.9,7.7,76.1
E02000332,237500,Greenwich,Outer,East,Labour,3640,67.09,12.34,31.46,31.4,4.9,6.4,78.7
E02000333,355000,Greenwich,Outer,East,Labour,4985,69.21,6.06,15.36,45.2,2.7,6,81.1
E02000334,245000,Greenwich,Outer,East,Labour,4711,68.08,13.35,31.67,39.5,5.6,7.8,78.2
E02000335,250000,Greenwich,Outer,East,Labour,5102,66.27,9.4,11.57,21.6,2.7,6.1,79.5
E02000337,220000,Greenwich,Outer,East,Labour,5718,68.06,16.54,19.92,51.3,6.3,9.4,74
E02000339,283500,Greenwich,Outer,East,Labour,4829,64.91,8.75,11.01,29.4,2.7,4.4,77.3
E02000340,247000,Greenwich,Outer,East,Labour,1866,64.52,8,14.85,30.8,2.6,9,77.5
E02000341,187000,Greenwich,Outer,East,Labour,4275,65.03,19.68,23.53,58.8,10.1,6.8,75.2
E02000342,219000,Greenwich,Outer,East,Labour,4745,70.82,16.14,18.7,45.7,7.6,5.4,77.9
E02000343,239000,Greenwich,Outer,East,Labour,5328,64.93,13.86,19.85,43,5.7,7,78.1
E02000344,268250,Greenwich,Outer,East,Labour,4883,65.49,8.97,16.61,22.7,2.5,8.1,78.8
E02006786,188000,Greenwich,Outer,East,Labour,5749,67.38,17.78,41.7,45.5,8.5,6.5,75.1
E02006927,283750,Greenwich,Outer,East,Labour,3254,63.63,13.18,29.06,40.5,5.6,7.8,77.8
E02006928,264600,Greenwich,Outer,East,Labour,14438,80.13,14.98,41.42,73.5,8.3,7.6,77.8
E02006929,308750,Greenwich,Outer,East,Labour,3133,74.48,13.17,37.97,67.19999999999999,6.3,6.1,75.4
E02006930,371000,Greenwich,Outer,East,Labour,7770,76.08,7.44,22.09,53.1,2.5,2.9,75.4
E02006931,329950,Greenwich,Outer,East,Labour,4728,71.49,9.85,26.75,58.1,4.3,5.8,77.8
E02000345,326475,Hackney,Inner,East,Labour,14875,59.59,8.61,29.19,66.7,5.5,5.1,80.4
E02000346,302500,Hackney,Inner,East,Labour,10412,71.97,23.14,56.62,85.7,11.2,10.6,77.6
E02000347,319950,Hackney,Inner,East,Labour,11798,62.8,11.07,31.36,71.1,6.6,5.1,74.7
E02000348,317500,Hackney,Inner,East,Labour,14700,61.62,16.73,43.13,77.6,9.4,6.2,78.4
E02000350,325000,Hackney,Inner,East,Labour,17176,74.47,9.63,40.41,64.2,4.3,7.6,80
E02000351,318997.5,Hackney,Inner,East,Labour,16487,81.64,8.18,33.74,67.2,3.8,9,76.5
E02000352,321612.5,Hackney,Inner,East,Labour,9089,68.47,14.31,33.17,64.2,6.3,5.5,76.1
E02000353,575000,Hackney,Inner,East,Labour,14083,77.08,8.83,32.26,57.3,3.4,5.2,75.6
E02000354,290000,Hackney,Inner,East,Labour,12623,73.53,15.9,54.26,74.8,8.6,9,75.2
E02000355,390000,Hackney,Inner,East,Labour,13333,75.24,12.75,48.57,59,5.3,10.2,74.4
E02000356,467500,Hackney,Inner,East,Labour,18315,76.82,10.56,28.64,57.09999999999999,3.6,8.1,78.6
E02000357,240500,Hackney,Inner,East,Labour,4231,62.85,23.25,69.08,84,13.5,10,81
E02000358,345500,Hackney,Inner,East,Labour,18105,77.11,14.24,45.12,70.2,6.8,8.8,79.2
E02000359,405000,Hackney,Inner,East,Labour,15319,71.84,17.18,49.9,57.2,8.2,7.9,76.7
E02000360,268250,Hackney,Inner,East,Labour,21129,72.74,19.32,59.54,81.4,9.8,9.9,75.5
E02000361,310500,Hackney,Inner,East,Labour,13248,78.2,13.67,46.49,77.4,6.6,6.1,75.8
E02000362,249250,Hackney,Inner,East,Labour,4953,71.95,18.38,51.2,69.8,9.9,6.7,72.8
E02000363,227497.5,Hackney,Inner,East,Labour,18447,67.67,23.44,63.02,81.5,13.4,7.9,76.7
E02000364,425000,Hackney,Inner,East,Labour,13760,77.02,12.93,36.75,65.9,5.2,7,74.5
E02000365,365000,Hackney,Inner,East,Labour,13875,79.48,10.28,37.26,71.1,4.4,7.5,76.2
E02000366,439250,Hackney,Inner,East,Labour,13479,71.88,16.4,41.27,74.3,8,8.9,77
E02000367,365000,Hackney,Inner,East,Labour,13687,78.68,14.82,39.25,69.7,6.9,8.7,77.3
E02000368,302500,Hackney,Inner,East,Labour,15166,73.41,18,53.86,79.5,10.1,10.6,77.1
E02000369,325000,Hackney,Inner,East,Labour,18328,75.71,16.06,49.57,77.5,8.5,9.4,74.7
E02000370,402500,Hackney,Inner,East,Labour,17385,77.27,16.51,47.55,77.1,8.9,7,79
E02000371,408273,Hackney,Inner,East,Labour,13007,83.87,11.16,40.49,80.80000000000001,5.6,10.1,74.2
E02006918,215000,Hackney,Inner,East,Labour,15504,68.71,20.21,60.15,77.80000000000001,11.4,8.9,77.6
E02006921,240000,Hackney,Inner,East,Labour,17383,63.19,18.49,50.44,80.3,10.1,7.2,77.6
E02000372,320000,Hammersmith and Fulham,Inner,West,Conservative,2610,71.4,19.46,50.01,74.2,9.6,9.3,75.4
E02000373,238749.5,Hammersmith and Fulham,Inner,West,Conservative,16079,67.32,27.95,62.59,83.3,14.5,7.1,79.8
E02000374,495000,Hammersmith and Fulham,Inner,West,Conservative,13302,71.39,16.02,38.7,59.2,7.9,6.3,78.8
E02000375,381000,Hammersmith and Fulham,Inner,West,Conservative,9197,75.11,12.88,41.68,73,6.1,8.4,74.4
E02000376,369475,Hammersmith and Fulham,Inner,West,Conservative,16726,79.27,11.2,39.03,72.1,4.7,10.1,77.3
E02000377,344975,Hammersmith and Fulham,Inner,West,Conservative,18323,75.15,11.85,36.26,66.1,5.1,5.5,78.1
E02000378,345000,Hammersmith and Fulham,Inner,West,Conservative,22012,78.46,8.35,30.64,64,3.4,6.5,79.2
E02000379,420000,Hammersmith and Fulham,Inner,West,Conservative,11170,71.18,10.56,30.46,54.3,5.1,6,79.1
E02000380,635000,Hammersmith and Fulham,Inner,West,Conservative,16438,73.23,8.71,26.61,55.5,3.4,6,79
E02000381,522500,Hammersmith and Fulham,Inner,West,Conservative,13942,74.14,8.79,24.38,61,3.3,5.4,77.3
E02000382,475000,Hammersmith and Fulham,Inner,West,Conservative,9822,72.84,10.02,31.18,59.2,5.2,8.1,74.7
E02000383,418500,Hammersmith and Fulham,Inner,West,Conservative,15332,79.4,8.51,38.78,64,2.8,5.9,81.3
E02000384,435000,Hammersmith and Fulham,Inner,West,Conservative,9247,74.33,14.25,36.31,75.1,6.1,8.8,75.7
E02000385,424500,Hammersmith and Fulham,Inner,West,Conservative,15100,85.44,5.04,25.58,62.6,1.8,5.7,83.4
E02000386,342500,Hammersmith and Fulham,Inner,West,Conservative,18373,75.04,15.93,42.4,74.8,7,6.1,75.7
E02000387,410000,Hammersmith and Fulham,Inner,West,Conservative,15021,78.18,11.72,35.71,71.9,5,6.5,82.6
E02000388,495000,Hammersmith and Fulham,Inner,West,Conservative,15121,76.94,8.15,26.21,67.2,3,8.1,76.3
E02000389,567250,Hammersmith and Fulham,Inner,West,Conservative,13091,73.73,6.95,20.45,46.3,2.2,5.5,80.3
E02000390,667575,Hammersmith and Fulham,Inner,West,Conservative,18071,76.52,9.81,24.32,60.2,4,6.5,78.7
E02000391,855005.5,Hammersmith and Fulham,Inner,West,Conservative,11418,72.02,7.22,19.14,54.2,3,4.9,80.5
E02000392,582582,Hammersmith and Fulham,Inner,West,Conservative,16913,75.2,10.04,23.15,60.2,5.1,5.5,79.5
E02000393,591500,Hammersmith and Fulham,Inner,West,Conservative,16681,76.08,5.25,15.85,48.5,1.8,4.3,85.3
E02000394,599950,Hammersmith and Fulham,Inner,West,Conservative,11772,74.83,13.83,32.64,61.09999999999999,5.9,7.2,78.5
E02000395,702000,Hammersmith and Fulham,Inner,West,Conservative,6061,71.27,4.97,13.93,44.2,1.8,6.6,89.3
E02000396,550000,Hammersmith and Fulham,Inner,West,Conservative,10434,69.56,12,24.62,54.5,5.2,6.9,83.8
E02000397,245000,Haringey,Inner,North,Labour,14309,74.61,14.13,38.77,62.5,6.7,8.1,76.2
E02000398,164000,Haringey,Inner,North,Labour,6129,67.2,26.02,61.69,73.3,14.6,8.2,75
E02000400,356000,Haringey,Inner,North,Labour,5825,70.72,17.18,38.22,53.5,6.8,7,78.9
E02000401,229750,Haringey,Inner,North,Labour,9132,66.47,27.31,50.07,64.4,13.6,9.2,75.6
E02000402,205000,Haringey,Inner,North,Labour,7086,67.7,28.03,54.91,69.6,15.5,6.3,74.7
E02000403,250000,Haringey,Inner,North,Labour,8795,76.93,12.42,37.6,60.3,6.1,8,78
E02000404,264500,Haringey,Inner,North,Labour,11721,70.81,18.86,48.65,58.8,10,10.2,76.2
E02000405,401000,Haringey,Inner,North,Labour,3673,69.11,8.39,19.07,30.7,2.9,4.3,79.7
E02000406,257000,Haringey,Inner,North,Labour,15645,72.67,21.91,44.44,65.1,11.4,8.3,74.9
E02000407,190000,Haringey,Inner,North,Labour,14479,69.66,20.62,58.42,67.1,11.2,9.7,74.7
E02000408,175000,Haringey,Inner,North,Labour,15283,68.97,24.95,57.23,70.7,13.2,6.7,76.6
E02000409,276250,Haringey,Inner,North,Labour,9236,69.83,21.84,54.42,71.4,10.7,10.1,76.6
E02000410,356500,Haringey,Inner,North,Labour,8903,71.77,7.04,17.65,44.7,1.8,6.6,80.6
E02000411,225000,Haringey,Inner,North,Labour,5792,72.37,22.3,57.64,60.3,11.5,9.7,76.9
E02000412,250000,Haringey,Inner,North,Labour,9196,75.25,16.64,45.88,69.6,8.3,10.9,78.2
E02000413,603000,Haringey,Inner,North,Labour,6112,66.13,11.82,20.75,41.5,4,7.1,78.7
E02000414,250000,Haringey,Inner,North,Labour,17846,71.79,18.5,53.34,52.8,8.4,7.4,78.4
E02000415,279050,Haringey,Inner,North,Labour,9920,73.68,11.42,41.43,56.5,5.9,9.3,77.5
E02000416,319000,Haringey,Inner,North,Labour,12080,74.01,14.84,33.87,62.8,7.2,8,74.2
E02000417,435000,Haringey,Inner,North,Labour,6185,71.92,7.5,16.76,46,2.3,4.9,79.5
E02000418,480000,Haringey,Inner,North,Labour,7787,69.19,8.37,15.83,30,2.5,6.3,78.6
E02000419,323500,Haringey,Inner,North,Labour,13010,77.87,11.77,36.06,61.2,5.4,8.5,74.2
E02000420,238000,Haringey,Inner,North,Labour,12920,72.56,15.84,49.37,66.5,7.6,10.3,74.6
E02000421,196250,Haringey,Inner,North,Labour,9204,71.81,20.03,56.35,72.2,11.1,8.9,73
E02000422,247500,Haringey,Inner,North,Labour,14671,72.11,17.57,51.96,62.5,8.4,9.3,74.4
E02000423,277500,Haringey,Inner,North,Labour,12459,77.92,11.21,38.44,55.40000000000001,4.1,7.9,74.1
E02000424,360000,Haringey,Inner,North,Labour,10886,75.74,11.79,26.67,51.40000000000001,4.3,7.5,80.5
E02000425,242497.5,Haringey,Inner,North,Labour,13450,59,12.76,34.61,59.8,6.5,5.1,77.7
E02000426,467500,Haringey,Inner,North,Labour,3001,67.97,8.81,22.08,44.7,2.9,7.6,81.5
E02000427,339550,Haringey,Inner,North,Labour,6488,78.89,9.83,33.59,58.2,4.5,8.4,77.3
E02000428,245500,Haringey,Inner,North,Labour,12174,72.46,18.35,48.59,69.3,10.1,9.6,72.9
E02000429,439000,Haringey,Inner,North,Labour,7045,72.36,5.24,17.29,42.2,1.3,4.8,77.4
E02000430,375000,Haringey,Inner,North,Labour,11362,78.87,6.73,20.71,53.6,2,6.6,79.6
E02000431,387500,Haringey,Inner,North,Labour,10949,76.37,5.65,17.1,50.8,1.8,6.1,81.5
E02000432,349950,Haringey,Inner,North,Labour,12092,78.77,10.35,27.5,59.5,4.5,6.6,75.3
E02006794,199950,Haringey,Inner,North,Labour,10711,66.9,24.25,60.13,74.9,15.1,10.4,70.9
E02000433,375000,Harrow,Outer,West,Labour,1231,58.35,7.31,39.84,29.2,2.4,7.9,83.6
E02000434,340000,Harrow,Outer,West,Labour,4499,65.01,9.62,50.49,29.9,3.8,9,83
E02000435,331000,Harrow,Outer,West,Labour,4193,63.23,11.4,47.04,35.1,5.7,10.3,80.9
E02000436,495000,Harrow,Outer,West,Labour,1222,61.98,5.96,43.36,11.3,1.2,8.6,84
E02000437,325000,Harrow,Outer,West,Labour,6221,64.1,12.33,48.16,25.7,4.8,10,80.9
E02000438,261250,Harrow,Outer,West,Labour,4560,63.91,12.54,45.39,37.7,5.4,8.3,80.5
E02000439,305000,Harrow,Outer,West,Labour,7854,68.91,12.47,61.91,35.59999999999999,5.8,9,80.9
E02000440,370000,Harrow,Outer,West,Labour,6423,66.67,9.65,57.75,17.7,3,8.3,80.3
E02000441,307500,Harrow,Outer,West,Labour,2945,64.21,12.66,44.62,33.5,4.2,8.7,81.1
E02000442,291500,Harrow,Outer,West,Labour,7747,69.72,11.85,74.36,29.1,5.1,9.2,79.2
E02000443,250000,Harrow,Outer,West,Labour,9754,67.18,15.55,63.15,43.1,6.5,9.2,75.1
E02000444,335000,Harrow,Outer,West,Labour,7911,67.04,11.67,72.55,27.1,4.9,10.8,79.7
E02000445,246950,Harrow,Outer,West,Labour,8330,68.24,16.43,63.18,43.1,7.9,8.8,77.9
E02000447,365000,Harrow,Outer,West,Labour,3298,67.09,10.11,53.27,24.8,4,10.8,84
E02000448,470000,Harrow,Outer,West,Labour,3938,61.51,7.73,30.28,23.7,2.4,9.7,83.1
E02000449,305000,Harrow,Outer,West,Labour,9154,70.57,13.47,73.27,39.7,5.5,10.8,80
E02000451,377000,Harrow,Outer,West,Labour,4133,65.73,7.3,53.6,14.8,1.4,8.3,82.1
E02000452,227000,Harrow,Outer,West,Labour,7358,72.09,9.54,58.49,49.3,4.2,7.7,77.8
E02000453,226500,Harrow,Outer,West,Labour,7467,69.27,9.46,56.9,34.3,4.2,9.7,81.2
E02000454,448975,Harrow,Outer,West,Labour,4518,63.05,8.27,42.76,12.3,2.1,8.6,83
E02000455,250000,Harrow,Outer,West,Labour,6612,71.39,9.74,59.58,50.9,3.6,8.7,79.2
E02000456,310000,Harrow,Outer,West,Labour,7633,68.6,10.59,53.93,33.9,4.4,7.5,81.8
E02000457,351500,Harrow,Outer,West,Labour,5462,64.36,8.45,57.27,23.5,3.1,7.3,81.8
E02000459,205000,Harrow,Outer,West,Labour,7105,67.1,13.74,65,47.9,6.4,8.6,78.3
E02000460,232500,Harrow,Outer,West,Labour,7706,68.2,18.5,68.99,49.9,7.5,11.2,77.7
E02000461,319950,Harrow,Outer,West,Labour,2690,71.77,7.2,44.09,37.9,2.8,10.1,81.6
E02000462,252500,Harrow,Outer,West,Labour,6764,66.83,10.23,67.49,33.9,3.9,8.5,82.7
E02000463,260750,Harrow,Outer,West,Labour,9164,67.39,15.71,62.88,38.2,6.8,7.2,79.6
E02006795,299975,Harrow,Outer,West,Labour,8441,67.16,9.09,69.47,25.9,3.2,10.2,82.3
E02006882,347000,Harrow,Outer,West,Labour,6707,68.4,9.93,72.86,20.5,3.1,11.5,81.6
E02000464,180000,Havering,Outer,East,Conservative,1116,61.19,14.79,11.01,38.2,7.2,7.1,76.9
E02000465,178000,Havering,Outer,East,Conservative,2884,65.54,15.6,11.44,46,7.8,9.3,78.5
E02000466,200000,Havering,Outer,East,Conservative,1330,63.97,16.45,12.4,31.7,7.2,4.9,75.5
E02000467,155000,Havering,Outer,East,Conservative,7234,65.85,17.62,17.03,59.2,9.8,9.2,75.5
E02000468,207500,Havering,Outer,East,Conservative,1954,62.53,13.36,11.17,21.1,5.1,8,78.7
E02000469,172000,Havering,Outer,East,Conservative,3845,63.66,16.74,17,40.8,6.6,9.8,78.2
E02000470,235000,Havering,Outer,East,Conservative,1171,63.86,8.37,9.1,20.1,2.3,6.1,79.2
E02000471,271000,Havering,Outer,East,Conservative,3483,61.5,8.31,7.64,6.3,2,5.8,80.4
E02000472,231000,Havering,Outer,East,Conservative,5873,63.83,10.64,10.85,16.6,2.9,8.2,80.2
E02000473,245000,Havering,Outer,East,Conservative,3382,64.64,10.26,11.21,14.6,2.2,6.2,80.1
E02000474,195000,Havering,Outer,East,Conservative,3845,63.74,14.43,13.2,28.8,5.8,5.7,77
E02000475,250000,Havering,Outer,East,Conservative,3290,65.34,9.26,11.14,25.1,3.5,4.8,81.1
E02000476,170000,Havering,Outer,East,Conservative,5559,68.76,12.01,20.6,50.90000000000001,6,6.6,75.4
E02000477,250000,Havering,Outer,East,Conservative,5383,64.49,8.7,8.92,12.3,1.8,6.5,80.5
E02000478,465000,Havering,Outer,East,Conservative,2371,62.28,5.38,25.1,9.3,1,8,83.3
E02000479,214250,Havering,Outer,East,Conservative,6071,69.66,12.61,15.38,32.7,4.1,8.3,74.8
E02000480,170000,Havering,Outer,East,Conservative,3015,66.51,14.72,24.6,30.3,5.7,8.7,75
E02000481,250000,Havering,Outer,East,Conservative,640,58.84,9.83,4.7,14.3,2,5.1,78.9
E02000482,343000,Havering,Outer,East,Conservative,2259,60,5.42,5.94,7,1.4,5.4,84.2
E02000483,240000,Havering,Outer,East,Conservative,4763,63.65,9.79,6.49,30.4,2.7,6.7,79.9
E02000484,236500,Havering,Outer,East,Conservative,4459,67.6,9.34,9.77,14.4,2.2,6.5,79.2
E02000485,250000,Havering,Outer,East,Conservative,3866,64.31,10.9,7.74,19,2.7,7,80.2
E02000486,223000,Havering,Outer,East,Conservative,5773,64.99,10.5,8.88,14.7,2.4,7.6,77.6
E02000487,415000,Havering,Outer,East,Conservative,606,61.26,5.19,3.81,4.4,0.9,7.7,80.8
E02000488,249950,Havering,Outer,East,Conservative,4046,65.12,8.97,6.82,7.7,2,9.8,80.3
E02000489,215000,Havering,Outer,East,Conservative,3057,64.11,13.66,15.31,25.5,4.8,9.6,77.2
E02000490,205000,Havering,Outer,East,Conservative,3834,61.78,14.11,12.47,20.1,4.1,4.9,79.5
E02000491,190000,Havering,Outer,East,Conservative,1852,62.95,15.51,18.2,34.9,7,8.1,76
E02000492,227500,Havering,Outer,East,Conservative,447,62.14,10.18,9.07,11.4,2.4,6.9,79.8
E02000493,180000,Havering,Outer,East,Conservative,4869,66.17,17.32,22.32,33.2,7.8,7.6,76.6
E02000494,447500,Hillingdon,Outer,West,Conservative,1200,62.64,7.22,39.78,28.2,1.9,7,81.9
E02000495,315000,Hillingdon,Outer,West,Conservative,3554,64.97,9.64,31.43,37.1,3.2,6.4,80.6
E02000496,250000,Hillingdon,Outer,West,Conservative,490,64.45,11.37,12.47,34.2,3.7,8.8,78.8
E02000497,340000,Hillingdon,Outer,West,Conservative,3261,64.36,10.73,26.91,28.4,3,7,80.2
E02000498,317500,Hillingdon,Outer,West,Conservative,1936,63.42,10.23,14.02,24.1,2.5,7.7,79.6
E02000499,365000,Hillingdon,Outer,West,Conservative,4848,62.53,8.23,23.1,16.1,1.6,9.1,81.7
E02000500,350000,Hillingdon,Outer,West,Conservative,2700,64.82,6.43,18.27,22.8,1.4,6.7,82.3
E02000501,312000,Hillingdon,Outer,West,Conservative,5758,65.16,10.28,18.81,17,2.9,7.6,79.5
E02000502,280000,Hillingdon,Outer,West,Conservative,1890,64.53,10.95,21.31,26.5,3,7.3,80.2
E02000503,285000,Hillingdon,Outer,West,Conservative,6597,69.34,9.98,16.76,15.4,2.1,7.7,81.8
E02000504,375000,Hillingdon,Outer,West,Conservative,2407,60.59,6.5,17.6,13.6,1.2,7,81.9
E02000506,445000,Hillingdon,Outer,West,Conservative,1385,65.13,5.61,32.06,14.6,1.6,5.4,78.9
E02000507,254000,Hillingdon,Outer,West,Conservative,2978,66.28,14.19,31.3,21.9,4.5,6.3,77.1
E02000508,209550,Hillingdon,Outer,West,Conservative,3582,78.17,9.33,35.19,47,3.1,8.3,77.3
E02000509,227000,Hillingdon,Outer,West,Conservative,5191,80.13,10.51,42.26,50.7,5.1,6.4,75.9
E02000510,255500,Hillingdon,Outer,West,Conservative,4129,67.4,11.3,35.68,30.6,4.8,7.8,78.2
E02000511,250000,Hillingdon,Outer,West,Conservative,4041,66.61,13.8,42.33,23.4,5.1,10,77.6
E02000512,227500,Hillingdon,Outer,West,Conservative,5799,67.15,18.06,40.69,46.2,8,10.1,78.3
E02000513,183500,Hillingdon,Outer,West,Conservative,6114,64.39,21.21,55.98,48,11.3,8.4,76.1
E02000514,240000,Hillingdon,Outer,West,Conservative,8428,67.69,12.35,71.32,30.2,6.5,10,79.6
E02000515,192500,Hillingdon,Outer,West,Conservative,3435,71.41,12.94,30.43,47.6,6.5,8.3,77.1
E02000516,239250,Hillingdon,Outer,West,Conservative,5174,68.71,17.73,67.06,37.5,8.4,9.4,81.9
E02000517,219950,Hillingdon,Outer,West,Conservative,5842,66.11,18,56.24,45.90000000000001,8.9,9.1,74.9
E02000518,242500,Hillingdon,Outer,West,Conservative,3468,67.11,17.52,32.21,45.8,7.5,8.3,76.6
E02000519,225000,Hillingdon,Outer,West,Conservative,4955,66.87,16.09,63.01,53.90000000000001,9.1,9,77
E02000520,250000,Hillingdon,Outer,West,Conservative,2710,67.76,17.01,63.37,46.7,9.2,8.3,76.3
E02000521,243000,Hillingdon,Outer,West,Conservative,4272,66.97,18.13,48.43,47.5,8.7,7.4,74.7
E02000522,237000,Hillingdon,Outer,West,Conservative,5668,65.2,17.13,33.71,44.3,8.7,9.5,74.9
E02000523,197437,Hillingdon,Outer,West,Conservative,6138,67.78,15.62,72.25,35.7,8,8.2,78
E02000524,217500,Hillingdon,Outer,West,Conservative,338,71.44,11.66,39.95,44.9,5.6,8.6,76.4
E02000525,197000,Hillingdon,Outer,West,Conservative,2259,68.15,15.15,61.64,49.4,7.3,10,76.6
E02006796,270000,Hillingdon,Outer,West,Conservative,2045,65.81,13.64,27.9,28.8,4.3,7.1,78.3
E02000526,750000,Hounslow,Outer,West,Labour,9056,71.1,6.08,16.71,42.1,2,8.1,81.5
E02000528,310000,Hounslow,Outer,West,Labour,4649,70.58,16.69,37.35,64.1,7.7,7.6,75.1
E02000529,226500,Hounslow,Outer,West,Labour,7196,69.2,14.34,77.4,44.5,7.5,9.9,83.2
E02000530,180000,Hounslow,Outer,West,Labour,2538,66.41,19.4,73.12,63.7,11.7,9.5,76.2
E02000531,312000,Hounslow,Outer,West,Labour,4018,74.54,10.49,28.28,48.8,3.6,7.1,79.4
E02000532,575000,Hounslow,Outer,West,Labour,4012,68.9,9.55,21.57,42.40000000000001,3.7,5.7,79.8
E02000533,448000,Hounslow,Outer,West,Labour,7846,69.45,8.87,18.71,45.7,3.1,6.6,81.1
E02000534,365000,Hounslow,Outer,West,Labour,1684,70.05,8.16,52.82,33.7,3.5,6.8,80.4
E02000535,285000,Hounslow,Outer,West,Labour,6020,69.34,10.97,79.88,35.1,5.3,8.3,78.9
E02000536,285000,Hounslow,Outer,West,Labour,5857,70.17,12.96,76.56,40.3,5.7,8,76.9
E02000537,355000,Hounslow,Outer,West,Labour,4689,71.49,7.99,72.31,37.5,3.1,8.7,83.4
E02000538,249475,Hounslow,Outer,West,Labour,3831,70.07,14.46,78.08,45.8,6.6,9.1,77.9
E02000539,281000,Hounslow,Outer,West,Labour,6646,71.08,13.24,35.3,46,5.6,8,74.8
E02000540,249999.5,Hounslow,Outer,West,Labour,7679,70.47,9.62,54.47,48.59999999999999,4,6.7,80.4
E02000541,259000,Hounslow,Outer,West,Labour,8429,70.09,14.13,73.78,57.3,6.3,9.1,75.4
E02000542,240000,Hounslow,Outer,West,Labour,9627,69.77,12.29,72.62,55.4,5.9,8.6,76.3
E02000543,228975,Hounslow,Outer,West,Labour,10747,72.63,11.53,65.76,55.5,5,6.8,76.9
E02000544,298500,Hounslow,Outer,West,Labour,6050,69.62,10.24,48.79,24.4,2.6,7.9,82
E02000545,262500,Hounslow,Outer,West,Labour,6367,69.22,15.34,36.54,53.5,7.5,6.6,73.4
E02000546,240000,Hounslow,Outer,West,Labour,4041,69.98,13.88,75.53,44.1,7.4,9.8,77.8
E02000547,222000,Hounslow,Outer,West,Labour,2967,67.55,13.79,39.75,38.7,6.2,9.1,75.4
E02000548,171000,Hounslow,Outer,West,Labour,2644,67.86,15.03,32.7,48.90000000000001,7.1,6.6,77.3
E02000549,224500,Hounslow,Outer,West,Labour,4544,67.6,13.84,37.25,32.90000000000001,4.9,6.4,75.7
E02000550,200000,Hounslow,Outer,West,Labour,11247,68.95,17.45,38.58,54.7,8.2,8.1,77
E02000551,205000,Hounslow,Outer,West,Labour,4140,66.49,19.06,36.17,58.9,9.7,8.4,75.7
E02000552,212000,Hounslow,Outer,West,Labour,2806,69.38,12.95,28.25,33.6,5.6,6.8,80.3
E02000553,224500,Hounslow,Outer,West,Labour,2630,65.86,14.43,26.25,33.9,6.3,7.8,78.8
E02006792,411000,Hounslow,Outer,West,Labour,5868,72.96,6.49,24.34,50.8,2.2,4.7,78.5
E02000554,298550,Islington,Inner,Central,Labour,14692,72.57,18.43,39.44,74.5,9.1,7.3,73.9
E02000555,357000,Islington,Inner,Central,Labour,15829,72.42,15.48,31.93,61.1,7.5,7.1,76.9
E02000556,319950,Islington,Inner,Central,Labour,15471,76.68,13.81,33.77,67.4,5.9,7.8,73.8
E02000557,390000,Islington,Inner,Central,Labour,11656,72.96,13.72,31.43,71.7,6,5.6,72.7
E02000558,240475,Islington,Inner,Central,Labour,18722,68.29,20.21,51.86,84.4,11.7,8.6,72.1
E02000559,436000,Islington,Inner,Central,Labour,15763,77.4,10.05,27.44,60.3,4.3,7.2,77.5
E02000560,330000,Islington,Inner,Central,Labour,14418,80.87,9.54,31.81,65.2,4.4,8.9,73
E02000561,425000,Islington,Inner,Central,Labour,12797,76.04,8.94,21.48,53.2,3.5,5.7,76.6
E02000562,385000,Islington,Inner,Central,Labour,12424,72.37,12.97,29.48,63.7,6.2,8.6,75.6
E02000563,302000,Islington,Inner,Central,Labour,14798,75.12,15.22,34.19,74.6,8.2,6.3,73
E02000564,378476,Islington,Inner,Central,Labour,13343,80.74,11.73,33.43,70.7,5.7,6.8,74.1
E02000565,325000,Islington,Inner,Central,Labour,16153,73.94,15.71,37.83,72.3,9.9,7.2,79.5
E02000566,567500,Islington,Inner,Central,Labour,11925,76.43,9.15,22.72,57.6,3.5,5.4,76.3
E02000567,416000,Islington,Inner,Central,Labour,15962,76.6,14.02,27.55,68.7,7.1,7.3,74.7
E02000568,350000,Islington,Inner,Central,Labour,11192,76.75,16.44,37.95,77.3,9,8.3,74.8
E02000569,492499.5,Islington,Inner,Central,Labour,14550,74.09,15.72,27.63,71,7.7,7.9,77.5
E02000570,582500,Islington,Inner,Central,Labour,14912,78.63,8.04,18.73,57.1,3.7,6,77.8
E02000571,451250,Islington,Inner,Central,Labour,16361,74.2,16.2,28.5,70.9,8,5.6,75.7
E02000572,312250,Islington,Inner,Central,Labour,18864,72.05,18.65,44.44,82.1,10.3,8,77.5
E02000573,585000,Islington,Inner,Central,Labour,12464,78.92,8.9,20.47,60.2,3.3,4.9,76.5
E02000574,554500,Islington,Inner,Central,Labour,14473,80.72,9.71,30.97,70.9,4.7,7.5,75.4
E02000575,587500,Islington,Inner,Central,Labour,13294,83.05,9.15,30.89,69.69999999999999,4.6,6.4,79.7
E02000576,448250,Islington,Inner,Central,Labour,12992,74.79,14.46,35.79,80.1,7.3,8.4,74.8
E02000577,327500,Kensington and Chelsea,Inner,Central,Conservative,8285,69.94,19.32,56.17,86.6,10.1,9.3,93
E02000578,500000,Kensington and Chelsea,Inner,Central,Conservative,11217,67.85,21.11,44.48,82.2,11,7.5,86.1
E02000579,660000,Kensington and Chelsea,Inner,Central,Conservative,13795,71.18,12.93,31.14,63.8,5.6,8.9,80.1
E02000580,600000,Kensington and Chelsea,Inner,Central,Conservative,21169,76.06,12.86,36.76,77.2,4.9,7.5,80.3
E02000581,443700,Kensington and Chelsea,Inner,Central,Conservative,17204,65.24,17.88,45.99,84.1,8.6,7.6,78.4
E02000582,950000,Kensington and Chelsea,Inner,Central,Conservative,14864,73.77,4.92,22.07,55.7,2.2,6.5,84.1
E02000583,950000,Kensington and Chelsea,Inner,Central,Conservative,12375,71.22,7.24,20.16,51.9,2.8,4.1,83.5
E02000584,1350000,Kensington and Chelsea,Inner,Central,Conservative,8768,69.97,4.18,21.37,46.8,1.6,4,87.9
E02000585,690000,Kensington and Chelsea,Inner,Central,Conservative,9107,70.27,8.24,32.61,50.8,4.2,5.9,84.6
E02000586,1673000,Kensington and Chelsea,Inner,Central,Conservative,14255,73.99,3.59,27.04,51.3,1.5,7.9,88.6
E02000587,1175000,Kensington and Chelsea,Inner,Central,Conservative,13871,69.49,4.92,26.24,48.7,2.7,7.4,87.3
E02000588,1620000,Kensington and Chelsea,Inner,Central,Conservative,10875,74.04,3.45,20.7,54.7,1.1,8,93.5
E02000589,895000,Kensington and Chelsea,Inner,Central,Conservative,21966,78.35,4.18,35.17,61.6,2.1,5.6,84.7
E02000590,547500,Kensington and Chelsea,Inner,Central,Conservative,15225,71.35,8.43,28.82,67.1,3.3,7.2,86
E02000591,700000,Kensington and Chelsea,Inner,Central,Conservative,17977,77.17,7.91,40.48,68.3,3.5,8,76.5
E02000592,1292500,Kensington and Chelsea,Inner,Central,Conservative,11695,73.66,3.24,20.72,54.3,1.1,9.4,84.4
E02000593,795000,Kensington and Chelsea,Inner,Central,Conservative,14367,74.97,5.95,24.92,57.40000000000001,2.5,6.2,82.2
E02000594,1175000,Kensington and Chelsea,Inner,Central,Conservative,9585,66.43,5.36,15.38,49.4,1.9,4.8,83
E02000595,900000,Kensington and Chelsea,Inner,Central,Conservative,11608,69.41,4.88,17.13,49.1,1.9,6.5,89
E02000596,765000,Kensington and Chelsea,Inner,Central,Conservative,14089,74.49,5.83,18.04,50,1.7,4.9,83.4
E02000597,619000,Kensington and Chelsea,Inner,Central,Conservative,17904,70.2,14.02,36.07,67.5,6.2,3.9,84.2
E02000598,445000,Kingston upon Thames,Outer,South,Other,5972,63.15,8.7,17.79,20.3,2,6,84
E02000599,800000,Kingston upon Thames,Outer,South,Other,1773,66.71,6.76,36.31,19.6,2.3,5.8,83.5
E02000600,351000,Kingston upon Thames,Outer,South,Other,7848,69.18,9,28.12,45.9,4,6.7,81.7
E02000601,413485,Kingston upon Thames,Outer,South,Other,10074,69.77,8.27,21.17,42,3.1,6.9,78.5
E02000602,302475,Kingston upon Thames,Outer,South,Other,9149,74.05,10.73,28.59,58,4.5,8.1,75.8
E02000603,262500,Kingston upon Thames,Outer,South,Other,6052,69.6,14.33,36.36,44.9,6,9.3,78.1
E02000604,342500,Kingston upon Thames,Outer,South,Other,5684,66.87,8.62,36.41,33.4,3.2,5,81.1
E02000605,349950,Kingston upon Thames,Outer,South,Other,5603,66.8,7.87,30.65,23.2,2.6,7.1,78.1
E02000606,320000,Kingston upon Thames,Outer,South,Other,6998,78.43,4.75,23.42,48.8,1.8,6.7,83.3
E02000607,359000,Kingston upon Thames,Outer,South,Other,4826,72.43,6.81,17.04,31.9,1.8,5.5,82.6
E02000608,329950,Kingston upon Thames,Outer,South,Other,8654,79.78,5.22,22.01,51.2,2,7.6,79.2
E02000609,365000,Kingston upon Thames,Outer,South,Other,5098,63.8,10.11,40.69,27.3,4.2,9.9,82.3
E02000610,270000,Kingston upon Thames,Outer,South,Other,7053,72.76,6.21,20.51,53,2.7,8.7,78.9
E02000611,450000,Kingston upon Thames,Outer,South,Other,4112,62.86,5.44,22.32,9.5,1.3,5.5,84.3
E02000612,368500,Kingston upon Thames,Outer,South,Other,4325,65.18,7.96,27.24,15.5,2.1,7,81.8
E02000613,280000,Kingston upon Thames,Outer,South,Other,6607,66.83,9.04,19.07,33.1,2.9,5.6,80
E02000614,262500,Kingston upon Thames,Outer,South,Other,2898,68.55,13.51,35.29,28.3,3.9,5.5,80.5
E02000615,250000,Kingston upon Thames,Outer,South,Other,4675,66.26,10.08,16.8,19.1,2.5,4.8,80.4
E02000616,237250,Kingston upon Thames,Outer,South,Other,4652,67.21,11.13,11.62,13.9,2.8,5.1,81.4
E02000617,245000,Kingston upon Thames,Outer,South,Other,1239,65.29,13.61,15.39,29.4,5.3,5.8,79.9
E02000619,328807.5,Lambeth,Inner,Central,Labour,15191,73.54,15.98,47.26,71.5,7.2,7.1,75.5
E02000620,445000,Lambeth,Inner,Central,Labour,13435,76.34,15.33,41.08,68,6.2,7.8,77.1
E02000621,396000,Lambeth,Inner,Central,Labour,14620,80.7,10.07,37.31,67.19999999999999,4.8,8.5,74.2
E02000622,312500,Lambeth,Inner,Central,Labour,10742,79.66,12.75,39.67,69.3,5,10.8,77.2
E02000623,250000,Lambeth,Inner,Central,Labour,17731,73.34,18.66,46.66,75.9,7.8,8.1,79
E02000624,320000,Lambeth,Inner,Central,Labour,14418,77.01,17.57,51.58,76.30000000000001,7.3,6.3,78.2
E02000625,270250,Lambeth,Inner,Central,Labour,15294,74.34,21.19,50.91,77.1,9.8,10.5,74.9
E02000626,248250,Lambeth,Inner,Central,Labour,15227,71.56,23.29,64.72,81.3,10.8,9.7,77.4
E02000627,333500,Lambeth,Inner,Central,Labour,18223,77.79,15.49,43.4,71,6.8,9.4,77.9
E02000628,239750,Lambeth,Inner,Central,Labour,14895,73.32,20.07,60.83,81.4,9.1,8.2,78.9
E02000629,386250,Lambeth,Inner,Central,Labour,14497,81.28,9.11,29.44,65.1,4,5.4,77
E02000630,427000,Lambeth,Inner,Central,Labour,10837,79.56,9.53,25.65,59.7,3.5,7.5,72.7
E02000631,348725,Lambeth,Inner,Central,Labour,8595,74.32,11.52,37.26,58.7,4.6,8.3,77
E02000632,365000,Lambeth,Inner,Central,Labour,18069,86.4,8.7,29.67,64.5,3.3,7.3,77
E02000633,286000,Lambeth,Inner,Central,Labour,14129,76.52,15.83,50.01,71.8,7.4,9.7,76.8
E02000634,400000,Lambeth,Inner,Central,Labour,13271,77.45,14.96,39.26,72.4,6.4,8.8,69.7
E02000635,337475,Lambeth,Inner,Central,Labour,7524,78.81,14.9,46.01,67.30000000000001,5.7,8.6,76.2
E02000636,498925,Lambeth,Inner,Central,Labour,8609,77.6,6.44,18.31,46.40000000000001,2.9,5.3,77.6
E02000637,345000,Lambeth,Inner,Central,Labour,15290,80,9.43,36.76,58.3,4.1,6.2,77.9
E02000638,295000,Lambeth,Inner,Central,Labour,14799,76.65,15.86,46.56,65.9,6.8,7.3,73
E02000639,193000,Lambeth,Inner,Central,Labour,13467,71.93,21.69,55.72,75.7,9.4,8.3,77.3
E02000640,462500,Lambeth,Inner,Central,Labour,11447,74.93,10.15,28.38,51,4.3,7.5,77.4
E02000641,270000,Lambeth,Inner,Central,Labour,14640,70.33,26.35,61.75,75.4,11.2,11.7,73.2
E02000642,290000,Lambeth,Inner,Central,Labour,8863,70.59,14.97,37.87,58.40000000000001,6.1,8.2,79.2
E02000643,312500,Lambeth,Inner,Central,Labour,12330,74.02,12.9,37.5,57.5,5,8.5,79.2
E02000644,285000,Lambeth,Inner,Central,Labour,9717,72.62,14.22,40.89,52.40000000000001,5,6.7,78.3
E02000645,299950,Lambeth,Inner,Central,Labour,8232,72.84,14.16,38.54,55.8,5.5,7.3,78
E02000646,261500,Lambeth,Inner,Central,Labour,10041,76.7,9.11,36.08,54.09999999999999,3.1,9.3,77
E02000647,290000,Lambeth,Inner,Central,Labour,8741,69.55,13.5,41.53,43.6,4.8,7.2,77.4
E02000648,250000,Lambeth,Inner,Central,Labour,11407,64.62,24.63,55.53,65.6,11.5,8.7,71.5
E02000649,246650,Lambeth,Inner,Central,Labour,11296,75.51,11.91,39.88,60.5,5.3,5.8,76.8
E02000650,267500,Lambeth,Inner,Central,Labour,9758,70.74,19.73,43.87,62.09999999999999,7.5,7.5,78.7
E02000651,272000,Lambeth,Inner,Central,Labour,8027,72.21,13.52,45.2,50.7,4.8,6.2,78.8
E02000652,250000,Lambeth,Inner,Central,Labour,11088,68.18,18.32,59.61,39.40000000000001,7.2,8,79
E02006801,442500,Lambeth,Inner,Central,Labour,7366,82.03,8.96,40.24,74.6,2.9,12.5,76.1
E02000653,275000,Lewisham,Inner,East,Labour,13033,74.11,18.47,56.21,76.3,9.1,7,75.5
E02000654,173500,Lewisham,Inner,East,Labour,8486,69.88,24.04,65.95,81.1,12.2,8.5,74.9
E02000655,206500,Lewisham,Inner,East,Labour,8747,75.06,17.05,57.33,67.9,7.8,9.5,72.9
E02000657,250000,Lewisham,Inner,East,Labour,10900,79.33,13.88,47.1,69.30000000000001,5.2,8,77.1
E02000658,270000,Lewisham,Inner,East,Labour,11075,75.8,13.23,43.87,65.69999999999999,5.7,7.8,78.3
E02000659,295000,Lewisham,Inner,East,Labour,7556,71.76,15.35,36.05,58.8,6,5.8,78.3
E02000660,250000,Lewisham,Inner,East,Labour,10288,79.61,10.93,38.59,62.3,4,8.7,76.1
E02000661,362000,Lewisham,Inner,East,Labour,5124,72.18,7.17,23.13,52.59999999999999,2.5,7.8,78.1
E02000662,253500,Lewisham,Inner,East,Labour,10870,73.41,17.76,55.12,65.8,6.4,8.7,78.6
E02000663,274750,Lewisham,Inner,East,Labour,11143,76.38,12.61,45.94,49.7,3.8,8.4,77.8
E02000664,214000,Lewisham,Inner,East,Labour,7276,72.56,15.81,53.22,67.80000000000001,7.6,9.3,71.8
E02000665,300000,Lewisham,Inner,East,Labour,10221,71.87,11.42,33.62,50.40000000000001,3.9,6.3,77.5
E02000666,270000,Lewisham,Inner,East,Labour,7804,71.91,15.22,44.79,48,5.3,7.9,75.7
E02000667,315000,Lewisham,Inner,East,Labour,9135,70.76,12.56,41.87,36,3.3,6.9,78.9
E02000668,302750,Lewisham,Inner,East,Labour,6690,69.06,12.04,33.75,37.5,4.1,6.1,78.5
E02000669,232000,Lewisham,Inner,East,Labour,11949,75.27,13.15,49.37,51.9,5.7,9.5,76.1
E02000670,184997.5,Lewisham,Inner,East,Labour,10703,68.72,19.03,61.68,55.8,8.6,9.5,78.1
E02000671,286250,Lewisham,Inner,East,Labour,8527,72.51,13.06,37.78,47.3,4.8,6.9,78.4
E02000672,245000,Lewisham,Inner,East,Labour,7380,70.54,15.02,57.06,58.2,6.1,8,75.7
E02000673,285000,Lewisham,Inner,East,Labour,7749,70.5,12.75,34.18,45.7,3.9,7.4,78.1
E02000674,247750,Lewisham,Inner,East,Labour,10037,68.63,16.69,55.75,31.1,5.4,7.7,78.9
E02000675,250000,Lewisham,Inner,East,Labour,5636,68.68,14.21,36.08,36.3,4.6,6.2,77.5
E02000676,266000,Lewisham,Inner,East,Labour,10534,71.77,13.38,41.18,45.9,5.3,6.7,81
E02000677,246250,Lewisham,Inner,East,Labour,6969,69.05,13.67,56.63,34,4.3,10.5,76
E02000678,210000,Lewisham,Inner,East,Labour,6041,64.85,22.41,48,48,8.9,9,76
E02000679,247750,Lewisham,Inner,East,Labour,8465,70.18,17.68,43.74,52.90000000000001,7.7,9.3,76.4
E02000680,248500,Lewisham,Inner,East,Labour,9222,67.94,17.18,42.95,56.7,7.3,9.1,73.6
E02000681,217500,Lewisham,Inner,East,Labour,6136,65.94,20.5,50.02,51.1,7.5,9.3,75.8
E02000682,235000,Lewisham,Inner,East,Labour,6964,64.85,21.39,52.34,50.1,9.5,5.4,78.8
E02000683,205000,Lewisham,Inner,East,Labour,6730,66.09,19.54,39.26,54.8,9,9.8,76.8
E02000685,232000,Lewisham,Inner,East,Labour,7982,66.96,19.03,42.94,57.40000000000001,6.9,8.5,74.2
E02000686,203000,Lewisham,Inner,East,Labour,3909,66.29,24.41,52.87,65.8,11.9,8.5,74.5
E02000687,268000,Lewisham,Inner,East,Labour,10335,69.64,14.58,40.64,53.7,5.6,8.7,75.7
E02006783,175500,Lewisham,Inner,East,Labour,7830,64.04,25.37,41.09,55.6,11.6,7.8,77.3
E02006784,195000,Lewisham,Inner,East,Labour,5228,64.82,18.59,42.21,52.4,7.3,9,75
E02006798,183000,Lewisham,Inner,East,Labour,9299,75.34,18.22,62.37,76.4,8.2,9.5,77.7
E02000689,550000,Merton,Outer,South,Other,4155,69.51,7.28,19.94,34.4,2.7,5.6,83
E02000690,1175000,Merton,Outer,South,Other,1044,59.77,5.17,16.8,26.6,1.9,5.5,84
E02000691,392500,Merton,Outer,South,Other,8063,75.03,6.23,21.28,45.40000000000001,2,6.6,81.5
E02000692,497624.5,Merton,Outer,South,Other,6901,70.79,3.72,20.01,47.09999999999999,1.3,3.8,82.5
E02000693,250000,Merton,Outer,South,Other,8880,79.57,7.02,34.63,48.6,1.9,6.4,79.6
E02000694,388725,Merton,Outer,South,Other,11677,73.6,6.61,23.06,45.1,2.2,7.5,80.5
E02000695,297475,Merton,Outer,South,Other,10396,70.31,10.74,60.07,31.7,3.6,7.4,81.8
E02000696,215000,Merton,Outer,South,Other,11033,75.32,12.62,46.64,53.6,4.8,7.7,80.3
E02000697,447500,Merton,Outer,South,Other,7240,76.52,4.75,22.37,46,1.4,6.5,81.2
E02000698,605000,Merton,Outer,South,Other,4516,63.97,6.23,17.85,25.6,1.7,6.6,80
E02000699,402500,Merton,Outer,South,Other,8358,70.85,5.87,17.79,34.5,1.3,3.9,82.5
E02000700,217000,Merton,Outer,South,Other,9156,72.95,16.07,42.98,59,6,9.7,78.4
E02000701,230000,Merton,Outer,South,Other,8914,68.36,15.27,58.15,42.90000000000001,6.2,7.6,77.7
E02000702,209995,Merton,Outer,South,Other,5028,67.56,17.85,52.53,42.1,6.8,7.8,82
E02000703,435000,Merton,Outer,South,Other,5337,65.2,6.75,27.81,22,1.9,7,84.6
E02000704,305000,Merton,Outer,South,Other,4759,71.06,7.25,23.87,44.8,2.5,8.1,79.8
E02000705,247000,Merton,Outer,South,Other,6604,68.51,14.84,59.18,21,4.2,9.4,79.3
E02000706,197500,Merton,Outer,South,Other,9674,67.06,18.5,53.17,59.4,7.9,6.8,78.9
E02000707,241000,Merton,Outer,South,Other,6465,67.12,21.73,58.35,44.5,8.3,7.7,80.1
E02000708,345000,Merton,Outer,South,Other,4989,66.79,8.57,30.99,19.6,2.6,8,83
E02000709,343750,Merton,Outer,South,Other,4455,65.47,7.52,24.14,14.3,1.6,4.2,81.7
E02000710,228000,Merton,Outer,South,Other,2636,65.54,12.94,40.93,40.4,4.7,5.4,78.4
E02000711,218250,Merton,Outer,South,Other,6264,68.64,13.85,40.25,46.59999999999999,5.8,8.2,77.7
E02000712,226000,Merton,Outer,South,Other,5380,66.05,13.64,33.51,44.5,5.8,6.8,76.3
E02000713,270000,Merton,Outer,South,Other,4940,65.54,10.54,21.09,11.2,2.1,4.1,80.3
E02000714,222500,Newham,Inner,East,Labour,14904,71.37,15.92,68.79,59.8,8.2,7.7,74.5
E02000715,213750,Newham,Inner,East,Labour,17672,67.92,17.32,81.89,63.9,11,8.1,70.9
E02000716,202500,Newham,Inner,East,Labour,4818,70.29,15.95,76.16,60.7,8.3,11.5,73.7
E02000717,185000,Newham,Inner,East,Labour,16788,70.29,15.08,84.37,62.09999999999999,9.1,12.3,76.7
E02000718,146250,Newham,Inner,East,Labour,11342,64.34,19.68,82.71,66.7,13.3,11.3,75.9
E02000719,240000,Newham,Inner,East,Labour,11940,74.74,14.3,64.19,69,5.9,9.7,74.6
E02000720,248997.5,Newham,Inner,East,Labour,14296,72.83,11.58,77.96,50.3,5.9,10.9,81
E02000721,221750,Newham,Inner,East,Labour,16644,72.17,11.11,84.54,61,8,10.8,75.2
E02000722,249747.5,Newham,Inner,East,Labour,18486,76.77,13.86,59.77,68.4,6.3,13,74.9
E02000723,249999,Newham,Inner,East,Labour,15591,73.2,9.97,91.57,49.2,6.6,14.8,72.5
E02000724,204000,Newham,Inner,East,Labour,19479,70.88,10.72,88.15,49.5,7.6,11.9,74.6
E02000725,240000,Newham,Inner,East,Labour,11263,79.44,10.9,58.43,73.1,5.1,9.9,75.6
E02000726,239975,Newham,Inner,East,Labour,2724,78.24,10.99,60.07,75.5,5,7,76
E02000727,233000,Newham,Inner,East,Labour,21601,73.95,9.95,90.36,57.8,6.5,14.6,80.6
E02000728,221250,Newham,Inner,East,Labour,12756,71.1,10.06,85.43,50.4,7.1,10,81.4
E02000729,185610,Newham,Inner,East,Labour,10185,72.16,12.91,70.35,57.4,6.6,12,76.4
E02000730,176500,Newham,Inner,East,Labour,18115,72.5,10.36,89.27,54.4,6.7,10.7,77.3
E02000731,230000,Newham,Inner,East,Labour,17726,72.54,9.38,85.04,58.09999999999999,6.4,10.4,77.2
E02000732,210000,Newham,Inner,East,Labour,17363,68.27,15.78,83.11,69.3,11.3,10.6,72.9
E02000733,228750,Newham,Inner,East,Labour,13036,71.41,17.03,67.3,71.5,9.6,9.8,78.9
E02000734,240000,Newham,Inner,East,Labour,20544,70.25,16.54,69.13,72.9,8.7,8.5,77.7
E02000735,222000,Newham,Inner,East,Labour,14252,70.14,12.82,78.4,60.90000000000001,9.1,12.7,72.6
E02000736,201000,Newham,Inner,East,Labour,6998,66.84,18.14,75.23,59.40000000000001,10.8,10.5,78.8
E02000737,210000,Newham,Inner,East,Labour,11377,66.98,15.78,70.28,52,9.1,9.6,78
E02000738,216000,Newham,Inner,East,Labour,18833,68.56,11,72.89,43.4,6.8,10.1,78.4
E02000739,202000,Newham,Inner,East,Labour,15527,72.24,16.84,68.62,64.3,8.7,8.6,76.3
E02000740,192250,Newham,Inner,East,Labour,5328,72.91,19.05,61.82,75.3,9.2,8.8,72.7
E02000741,186250,Newham,Inner,East,Labour,11101,69.36,15.87,66.43,52.1,9.3,10.6,76.2
E02000742,207000,Newham,Inner,East,Labour,10353,66.56,16.89,67.55,55.1,10.2,8.8,79.6
E02000743,220000,Newham,Inner,East,Labour,12934,69.39,19.36,61.96,73.8,10.3,9.7,75.8
E02000744,190000,Newham,Inner,East,Labour,13839,68.61,18.49,55.45,69.7,10.5,10,74.4
E02000745,228000,Newham,Inner,East,Labour,11292,72.87,19.23,57.55,64,7.7,9.2,79.3
E02000746,249000,Newham,Inner,East,Labour,1818,76.16,18.45,57.82,73.1,8.5,9.9,76.3
E02000747,223000,Newham,Inner,East,Labour,5739,76.35,13.09,53.78,76.6,6.5,9,74.7
E02000748,206750,Newham,Inner,East,Labour,4690,71.53,16.46,46.49,57.90000000000001,7.7,7.3,80.9
E02000749,202500,Newham,Inner,East,Labour,5828,67.62,22.57,53.42,72.2,10.6,9.2,73.8
E02000750,246500,Newham,Inner,East,Labour,3332,75.9,14.14,54.09,72.1,7.3,7.9,82.1
E02000751,387000,Redbridge,Outer,East,Other,3397,63.33,6.03,21.14,16.9,1.2,6.2,82
E02000752,218000,Redbridge,Outer,East,Other,1399,64.16,18.05,29.26,43.2,8.1,8.7,74.3
E02000753,216500,Redbridge,Outer,East,Other,8097,64.46,17.89,30.42,35.3,7.5,7.9,80.3
E02000754,307500,Redbridge,Outer,East,Other,5334,67.78,13.5,28.79,29.7,4.7,6.7,81.3
E02000755,248500,Redbridge,Outer,East,Other,3881,66.86,14.13,27.29,27.3,4.4,5.8,80.2
E02000756,260000,Redbridge,Outer,East,Other,3567,67.08,13.09,34.94,28.1,5.4,6.8,80.9
E02000757,285000,Redbridge,Outer,East,Other,7985,70.42,7.45,26.53,34.3,2.2,8.2,81.1
E02000758,281000,Redbridge,Outer,East,Other,5250,64.35,13.39,51.1,23.9,5.5,7.7,82.5
E02000759,315000,Redbridge,Outer,East,Other,5262,67.97,12.27,37.2,34.6,4.4,8.5,79.8
E02000760,262500,Redbridge,Outer,East,Other,6786,63.69,13.74,46.28,34,6.9,9.4,80.6
E02000762,327000,Redbridge,Outer,East,Other,7956,65.87,7.47,62.48,17.5,2.5,9.8,85
E02000763,250000,Redbridge,Outer,East,Other,902,65.95,13.5,60.2,30.3,5.5,7.2,80.7
E02000764,276000,Redbridge,Outer,East,Other,6052,67.52,6.11,30.2,36.2,1.8,7.3,78.8
E02000765,284995,Redbridge,Outer,East,Other,8836,65.96,10.91,65.99,30.1,4.4,8.9,81.1
E02000767,267500,Redbridge,Outer,East,Other,8770,65.84,11.45,62.3,32.3,4.8,8.3,77.1
E02000768,421250,Redbridge,Outer,East,Other,3334,65.57,9.15,30.32,25,2.1,7.6,81.2
E02000769,240000,Redbridge,Outer,East,Other,9654,66.48,15.45,56.9,31.3,7.7,9.3,78.9
E02000770,264262.5,Redbridge,Outer,East,Other,6555,65.91,12,75.13,35.7,6.1,6.3,79.3
E02000772,250000,Redbridge,Outer,East,Other,5897,67.2,14.15,73.18,41,8.2,7.7,77
E02000773,296500,Redbridge,Outer,East,Other,9966,67.57,13.55,78.98,37,7.7,11,79.2
E02000774,250000,Redbridge,Outer,East,Other,10823,68.46,11.96,80.66,40.7,8.3,9.9,78.8
E02000776,270000,Redbridge,Outer,East,Other,10848,67.65,11.13,76.24,39.6,5.7,8.4,76.9
E02000777,445000,Redbridge,Outer,East,Other,1690,66.81,10.15,29.76,29.6,2.9,12.7,78.7
E02000779,250000,Redbridge,Outer,East,Other,8993,68.2,12.57,78.73,59.7,8.8,8.6,77.1
E02000780,200000,Redbridge,Outer,East,Other,11962,67.19,13.53,84.24,51.7,10.8,8.3,76.5
E02000781,250000,Redbridge,Outer,East,Other,7533,65.2,13.2,73.29,26.4,6.2,9.9,78.3
E02000782,190000,Redbridge,Outer,East,Other,13766,66.86,18.59,84.16,55.6,14.3,10.5,74.1
E02000783,215000,Redbridge,Outer,East,Other,13031,63.33,23.38,82.54,55.3,16.4,10,75.1
E02006800,216000,Redbridge,Outer,East,Other,8280,69.45,12.83,75.23,40.6,8.2,8.7,79.3
E02006924,327500,Redbridge,Outer,East,Other,5340,67.47,9.9,75.4,30.3,4.9,8.4,78.7
E02006925,345000,Redbridge,Outer,East,Other,5367,65.41,9.24,71.01,17.9,3.2,7.2,82.1
E02000784,727555,Richmond upon Thames,Outer,West,Conservative,3904,65.66,8.57,14.28,40.59999999999999,3.1,5.2,83.6
E02000785,623000,Richmond upon Thames,Outer,West,Conservative,2384,65.87,4.65,12.13,34.8,1.4,7.7,81.9
E02000786,542500,Richmond upon Thames,Outer,West,Conservative,6025,67.9,8.3,11.69,40.3,2.9,5.4,80.2
E02000787,445000,Richmond upon Thames,Outer,West,Conservative,6259,67.92,8.96,18.95,45.2,3.3,4.8,79.7
E02000788,628750,Richmond upon Thames,Outer,West,Conservative,8172,65.25,8.02,10.35,32.1,2,6,83.1
E02000789,499999,Richmond upon Thames,Outer,West,Conservative,3419,67.96,5.77,14.28,48.5,1.6,5,79.4
E02000790,560000,Richmond upon Thames,Outer,West,Conservative,7928,68.42,6.4,10.06,30,1.9,5,81.8
E02000791,537000,Richmond upon Thames,Outer,West,Conservative,5690,71.39,3.95,12.48,47.09999999999999,1.4,6.1,79
E02000792,545000,Richmond upon Thames,Outer,West,Conservative,5654,67.18,4.21,9.92,39.5,1.3,4.4,79.5
E02000793,332000,Richmond upon Thames,Outer,West,Conservative,6138,65.27,9.54,22.89,27.7,2.8,7.4,81.8
E02000794,390000,Richmond upon Thames,Outer,West,Conservative,4600,67.68,5.41,14.99,23.8,1.7,4.5,81.8
E02000795,826000,Richmond upon Thames,Outer,West,Conservative,555,58.54,7.4,11.48,22.7,2.3,3.5,84.8
E02000796,315000,Richmond upon Thames,Outer,West,Conservative,5421,65.45,12.28,30.44,32.6,5.4,10,78.5
E02000797,391500,Richmond upon Thames,Outer,West,Conservative,7836,73.54,4.58,10.09,35.8,1.4,5.9,79.1
E02000798,366000,Richmond upon Thames,Outer,West,Conservative,4385,66.48,9.84,16,26.8,2.5,5.5,79.2
E02000799,442500,Richmond upon Thames,Outer,West,Conservative,5088,71.04,6.91,10.01,27,1.6,6.6,85.1
E02000800,356625,Richmond upon Thames,Outer,West,Conservative,2868,65.43,14.08,16.96,37.2,5,9.2,75.6
E02000801,459000,Richmond upon Thames,Outer,West,Conservative,6741,67.71,6.74,8.55,25.6,1.3,5,81.1
E02000802,427500,Richmond upon Thames,Outer,West,Conservative,4742,65.7,8.42,10.27,27.8,1.7,4.4,81.5
E02000803,315000,Richmond upon Thames,Outer,West,Conservative,4791,64.67,11.87,16.29,34.9,4.1,5.9,80.5
E02000804,435000,Richmond upon Thames,Outer,West,Conservative,1908,66.94,5.72,9.32,35.59999999999999,1.3,5.1,82.4
E02000805,382250,Richmond upon Thames,Outer,West,Conservative,3797,66.67,7.45,11.42,35.3,3,6.8,79.3
E02000806,370000,Richmond upon Thames,Outer,West,Conservative,1461,64.75,9.1,11.31,29.6,2.6,6.2,81.5
E02000807,338500,Southwark,Inner,Central,Labour,12377,83.23,7.96,32.17,54.5,3.1,7.6,85.1
E02000808,535000,Southwark,Inner,Central,Labour,8828,83.33,8.38,35.89,70.8,3.4,7.5,78.3
E02000809,490500,Southwark,Inner,Central,Labour,15887,87.24,5.49,29.39,63.90000000000001,2.4,8.4,81.5
E02000810,355000,Southwark,Inner,Central,Labour,14438,75.95,14.62,38.65,70.80000000000001,7.2,8.8,78.6
E02000812,312500,Southwark,Inner,Central,Labour,14887,78.76,12.93,48,75.4,5.7,10.9,73.5
E02000813,305000,Southwark,Inner,Central,Labour,9851,73.63,16.02,41.51,76.2,7.9,7.3,78.5
E02000814,309250,Southwark,Inner,Central,Labour,8951,83.12,9.52,32.86,60.90000000000001,3.5,7.4,79.2
E02000815,415000,Southwark,Inner,Central,Labour,15251,82.51,10.1,50.33,72.5,4.8,11.4,84.3
E02000816,215000,Southwark,Inner,Central,Labour,12226,74.2,16.14,37.37,71.5,7.3,10.2,76.9
E02000817,228250,Southwark,Inner,Central,Labour,9802,68.04,18.8,41.24,84.7,9.4,7.2,76.7
E02000818,261500,Southwark,Inner,Central,Labour,12817,74.82,14.11,46.55,79.5,6.1,8.3,75.8
E02000819,248975,Southwark,Inner,Central,Labour,16126,74.65,15.58,49.98,80.7,8.2,8.1,75.8
E02000820,315000,Southwark,Inner,Central,Labour,19738,77.01,14.69,44.55,74.8,6.8,8.3,77.9
E02000821,219000,Southwark,Inner,Central,Labour,11669,70.25,20.15,63.83,84.80000000000001,9.3,8.9,84.5
E02000822,238250,Southwark,Inner,Central,Labour,16559,71.53,19.49,59.57,87.5,9.2,8.8,76.4
E02000823,310000,Southwark,Inner,Central,Labour,12236,73.25,16.07,51.09,72.5,6.9,9.7,77.1
E02000824,207500,Southwark,Inner,Central,Labour,10062,69.17,22.94,70.11,83.4,11.5,10.5,82.2
E02000825,197000,Southwark,Inner,Central,Labour,18159,70.35,24.06,73.98,81,11.3,7.5,81.9
E02000826,204000,Southwark,Inner,Central,Labour,16568,73.15,16.73,57.13,73.6,6.7,7.1,74.1
E02000827,290000,Southwark,Inner,Central,Labour,15334,72.7,18.01,62.92,83.1,6.9,8.4,73.9
E02000828,209950,Southwark,Inner,Central,Labour,13495,71.85,20.38,67.72,75.4,9.3,8.7,74.9
E02000829,271000,Southwark,Inner,Central,Labour,13697,73.51,15.78,58.6,70,6.9,7.1,72.2
E02000830,315000,Southwark,Inner,Central,Labour,10767,76.26,10.07,39.05,56.5,3.8,6.4,77.5
E02000831,350000,Southwark,Inner,Central,Labour,11913,73.67,12.63,43.46,56.59999999999999,5.3,8.2,76.9
E02000832,289835,Southwark,Inner,Central,Labour,11930,69.16,17.71,56,67.4,7.9,8.5,76.2
E02000833,247500,Southwark,Inner,Central,Labour,9438,72.43,20.32,52.48,64.1,8,7.4,76.5
E02000834,425000,Southwark,Inner,Central,Labour,7640,76.59,8.41,29.8,54.2,2.7,6.7,80.1
E02000835,318000,Southwark,Inner,Central,Labour,4978,69.88,15.46,38.63,47.2,6.8,9.5,80.3
E02000836,480000,Southwark,Inner,Central,Labour,10976,71.65,8.89,25.89,41.3,2.4,6.3,81.5
E02000837,717500,Southwark,Inner,Central,Labour,3785,65.27,7.39,18.73,30.7,2.3,5.8,82.6
E02000838,315000,Southwark,Inner,Central,Labour,8705,70.91,12.25,30.21,46.7,4.3,7.3,80.1
E02000839,268000,Southwark,Inner,Central,Labour,2949,66.63,14.4,36.12,43.4,5.8,10.3,82.3
E02006802,342500,Southwark,Inner,Central,Labour,11145,81.75,12.59,43.09,72.5,4.7,10.4,78.3
E02000840,200500,Sutton,Outer,South,Other,6141,66.97,19.49,25.2,56.1,8.2,7.1,75.7
E02000841,202000,Sutton,Outer,South,Other,7718,66.63,19.04,27.26,54.40000000000001,8.5,5.9,75.1
E02000842,250000,Sutton,Outer,South,Other,4730,66.53,10.32,22.53,15.7,2.7,7.6,78.8
E02000843,178997.5,Sutton,Outer,South,Other,5948,69.41,11.49,20.32,33.3,4.4,5.8,80.5
E02000844,236500,Sutton,Outer,South,Other,7823,67.24,14.47,19.22,33.2,4.3,10.5,76.2
E02000845,295000,Sutton,Outer,South,Other,6185,67.89,10.31,19.91,25.4,3.2,7.1,83.5
E02000846,250000,Sutton,Outer,South,Other,5232,64.06,10.38,21.93,19.5,3.1,7.9,79.7
E02000847,274950,Sutton,Outer,South,Other,5783,63.15,7.25,16.92,13.8,2,6.6,81
E02000848,274250,Sutton,Outer,South,Other,6839,65.21,9.84,17.75,11.2,2,7.1,80.8
E02000849,250000,Sutton,Outer,South,Other,6419,67.41,12.46,19.35,29.7,4,6.2,80.3
E02000850,247650,Sutton,Outer,South,Other,2097,66.44,11.12,23.51,19.1,2.5,8.8,79.1
E02000851,181000,Sutton,Outer,South,Other,7591,68.22,11.08,24.91,48.8,5.1,7.2,76.6
E02000852,240000,Sutton,Outer,South,Other,7938,69.6,9.53,17.11,24.4,2.6,5.8,80.2
E02000853,250000,Sutton,Outer,South,Other,6183,67.56,12.01,20.9,27.3,3.6,6.9,78.4
E02000854,287500,Sutton,Outer,South,Other,4420,66.43,9,12.66,24.6,2.3,5.1,80.5
E02000855,365000,Sutton,Outer,South,Other,4233,64.22,7.64,16.98,17.6,2,6,83.5
E02000856,197995,Sutton,Outer,South,Other,6781,67.63,8.58,22.65,27.9,1.9,6.5,80.7
E02000857,205000,Sutton,Outer,South,Other,7947,68.38,6.92,26.19,43.2,2.5,5,76.9
E02000858,210000,Sutton,Outer,South,Other,5136,65.55,20.13,27.37,62.4,9.9,8.5,74.2
E02000859,234000,Sutton,Outer,South,Other,4835,62.75,9.9,18.47,27,3.4,7.3,80.8
E02000860,174000,Sutton,Outer,South,Other,9036,68.68,8.84,26.78,54,3.8,5.7,77.7
E02000861,423750,Sutton,Outer,South,Other,2928,64.88,6.38,17.25,11.2,1.2,6.4,84.5
E02000863,410000,Sutton,Outer,South,Other,956,63.88,9.62,23.7,15.9,2.8,6.7,81
E02006836,370000,Sutton,Outer,South,Other,2510,61.25,5.63,23.17,14.5,1.1,7.4,81
E02000864,265000,Tower Hamlets,Inner,East,Labour,6714,70.05,15.86,44.81,78.6,9.6,7.5,74.1
E02000865,283000,Tower Hamlets,Inner,East,Labour,15864,71.86,12.09,53.06,79.5,8.8,9.9,75.4
E02000866,367500,Tower Hamlets,Inner,East,Labour,8513,74.16,10.71,34.52,63.3,5.6,8.3,78.4
E02000867,264000,Tower Hamlets,Inner,East,Labour,12596,78.54,11.21,42.11,68.6,6.9,7.9,75.4
E02000868,327500,Tower Hamlets,Inner,East,Labour,19073,78.25,8.59,45.57,71.8,6.8,13.1,75.1
E02000869,385000,Tower Hamlets,Inner,East,Labour,17757,75.17,10.5,43.7,70.7,6.1,6.7,75.6
E02000870,268000,Tower Hamlets,Inner,East,Labour,16471,73.1,12.62,45.98,70.3,8.4,9.1,75.3
E02000871,245000,Tower Hamlets,Inner,East,Labour,13824,68.74,14.68,71.98,79.5,12.1,10.2,76.6
E02000872,356500,Tower Hamlets,Inner,East,Labour,17118,77.8,10.49,51.06,76.1,7.6,10.6,75.6
E02000873,305750,Tower Hamlets,Inner,East,Labour,17514,75.53,10.78,57.48,73.1,7.9,9.8,76.9
E02000874,286000,Tower Hamlets,Inner,East,Labour,20674,73.21,11.67,66.29,79,10.3,10.8,76.1
E02000875,249995,Tower Hamlets,Inner,East,Labour,15340,70.62,14.31,65.24,80.9,11.5,8.7,79.6
E02000876,249997.5,Tower Hamlets,Inner,East,Labour,13463,79.58,7.2,62.33,74,7.1,7.7,75.1
E02000877,250000,Tower Hamlets,Inner,East,Labour,12758,70.65,14.05,67.97,79.4,11,11,72.7
E02000878,400000,Tower Hamlets,Inner,East,Labour,16864,82.38,5.85,54.73,71.9,4.8,9,74.1
E02000879,355000,Tower Hamlets,Inner,East,Labour,17583,70.88,10.19,59.33,72.4,7.3,10.8,76.9
E02000880,250000,Tower Hamlets,Inner,East,Labour,15847,73.71,9.04,63.54,73.1,7.3,9.4,70.5
E02000881,245000,Tower Hamlets,Inner,East,Labour,9977,67.41,17.32,65.23,72.69999999999999,14.6,10.4,75
E02000882,280775,Tower Hamlets,Inner,East,Labour,15116,68.55,13.04,70.42,74.8,10.9,9.2,72.9
E02000883,207500,Tower Hamlets,Inner,East,Labour,17233,66.29,18.44,62.28,81.7,13,9.5,77.3
E02000884,330039,Tower Hamlets,Inner,East,Labour,17162,81.81,5.8,58.03,78,5.6,8.6,71.3
E02000885,242500,Tower Hamlets,Inner,East,Labour,20414,69.3,14.55,69.7,77.9,10.3,8.4,72.8
E02000886,315000,Tower Hamlets,Inner,East,Labour,15195,76.62,8.07,50.53,65,5.6,9.7,78.5
E02000887,238500,Tower Hamlets,Inner,East,Labour,15266,68.36,17.25,62.19,77.1,13,9.4,75
E02000888,345000,Tower Hamlets,Inner,East,Labour,15903,75.04,8.02,60.04,66.7,7.1,9.8,79.9
E02000889,305000,Tower Hamlets,Inner,East,Labour,11917,76.52,7.02,49.5,63.3,4.6,10.6,74.9
E02000890,476250,Tower Hamlets,Inner,East,Labour,10439,82.68,3.62,23.99,51.1,1.6,8,82.3
E02000891,360000,Tower Hamlets,Inner,East,Labour,8825,80.41,9.07,54.76,71.6,5.9,8.6,77.8
E02000893,265000,Tower Hamlets,Inner,East,Labour,9698,73.87,11.85,42.4,66.7,7.1,8.4,76.6
E02000894,330000,Tower Hamlets,Inner,East,Labour,19531,81.65,7.32,42.66,64.3,4.1,8.8,85.3
E02006853,326805,Tower Hamlets,Inner,East,Labour,15504,78.82,9.85,54.36,73.80000000000001,6.7,5.8,79.1
E02006854,410000,Tower Hamlets,Inner,East,Labour,7104,83.92,4.75,48.14,69.4,3.7,5.3,79.1
E02000895,250000,Waltham Forest,Outer,East,Labour,3615,59.95,13.33,21.86,31.5,5.1,8.8,79.3
E02000896,273000,Waltham Forest,Outer,East,Labour,3110,64.76,9.69,13.9,25.8,3.2,6.5,79.8
E02000897,235000,Waltham Forest,Outer,East,Labour,4326,63.36,16.47,23.9,39.2,6.8,10.8,75.8
E02000898,275000,Waltham Forest,Outer,East,Labour,5023,64.82,14.78,25.74,30.9,6.1,10.1,78.5
E02000899,250000,Waltham Forest,Outer,East,Labour,6615,66.17,13.4,27.8,24.3,4.4,9.1,78.2
E02000900,240750,Waltham Forest,Outer,East,Labour,5252,66.61,17.85,41.94,32.7,7,12,77.4
E02000901,250000,Waltham Forest,Outer,East,Labour,5502,67.05,11.03,22.89,24.8,3.5,6.6,78.7
E02000902,233500,Waltham Forest,Outer,East,Labour,6803,66.83,16.22,44.66,36.4,7,7.3,77.6
E02000903,230000,Waltham Forest,Outer,East,Labour,4670,67.54,20.6,52.63,54.5,10.8,8.4,74.9
E02000904,249999.5,Waltham Forest,Outer,East,Labour,5762,68.86,13.86,47.62,36.7,6.3,9,79.1
E02000905,250000,Waltham Forest,Outer,East,Labour,9424,69.44,13.07,49.93,44.4,6.2,8.4,75.6
E02000906,220000,Waltham Forest,Outer,East,Labour,15216,68.9,14.77,49.1,50.6,7.6,8.1,76.5
E02000907,250000,Waltham Forest,Outer,East,Labour,11460,66.43,16.53,55.15,67.4,9.1,8.3,73.5
E02000908,218497.5,Waltham Forest,Outer,East,Labour,4683,72.46,10.67,49.54,52.90000000000001,5.7,8.3,76.6
E02000909,312500,Waltham Forest,Outer,East,Labour,6365,69.86,10.47,44.17,46,4.3,9.3,79.7
E02000910,267175,Waltham Forest,Outer,East,Labour,13836,72.85,9.89,53.92,51.5,5.3,8.7,76.7
E02000911,217250,Waltham Forest,Outer,East,Labour,12624,72.67,11.98,54.59,56.5,6.5,11.2,76.1
E02000912,246500,Waltham Forest,Outer,East,Labour,3730,67.38,14.47,59.79,50.5,8.1,8.3,76.7
E02000913,272250,Waltham Forest,Outer,East,Labour,8400,70.42,11.46,58.84,42.3,5.3,9.8,77.8
E02000914,199000,Waltham Forest,Outer,East,Labour,15581,70.22,15.26,67.93,66.2,8.8,9.7,72.5
E02000915,237500,Waltham Forest,Outer,East,Labour,5934,75.52,10.89,46.04,54.2,4.2,9.1,76.5
E02000916,192000,Waltham Forest,Outer,East,Labour,4289,68.55,15.6,61.11,50.2,8.5,8.1,75.6
E02000917,212500,Waltham Forest,Outer,East,Labour,13736,70.29,12.07,53.09,54.09999999999999,4.5,8.1,75.4
E02000918,295000,Waltham Forest,Outer,East,Labour,11059,74.31,12.18,51.86,58.59999999999999,5.8,9.2,76.1
E02000919,235000,Waltham Forest,Outer,East,Labour,16714,75.14,9.77,55.8,52.8,4.7,8.7,77.6
E02000920,232500,Waltham Forest,Outer,East,Labour,5545,73.27,16.48,63.69,64.1,8.2,10.3,74.6
E02000921,226750,Waltham Forest,Outer,East,Labour,13301,71.26,17.68,59.94,71.5,9.5,7.6,75.7
E02000922,226000,Waltham Forest,Outer,East,Labour,16402,73.69,14.28,56.04,54.5,6.4,8.9,75.7
E02000923,495000,Wandsworth,Inner,South,Conservative,7270,74.84,7.02,20.64,46.1,2.3,5.5,77.6
E02000924,383250,Wandsworth,Inner,South,Conservative,5738,78.62,13.82,43.66,68,6.2,8.3,74.1
E02000925,410000,Wandsworth,Inner,South,Conservative,17997,71.8,17.41,39.63,68.5,7.7,6.1,73.4
E02000926,436650,Wandsworth,Inner,South,Conservative,14479,78.82,8.41,27.2,54.7,3.4,5.2,74.9
E02000927,455000,Wandsworth,Inner,South,Conservative,15548,78.31,11.68,24.59,65.3,4.8,5.2,76.3
E02000928,650000,Wandsworth,Inner,South,Conservative,8889,71.94,5.97,11.07,39.8,1.6,5.6,82.5
E02000929,250000,Wandsworth,Inner,South,Conservative,17963,70.31,20.77,54.03,74.4,9.4,9.6,74.1
E02000930,480000,Wandsworth,Inner,South,Conservative,12388,83.05,6.73,20.76,56.40000000000001,2.6,6.7,76
E02000931,580000,Wandsworth,Inner,South,Conservative,11139,77.64,3.88,12.89,41.6,1,4.7,84.2
E02000932,440000,Wandsworth,Inner,South,Conservative,8131,80.63,3.58,15.8,49.1,1.1,4.6,80.3
E02000933,435000,Wandsworth,Inner,South,Conservative,7999,71.93,5.76,16.63,43.3,1.8,4.6,80.6
E02000934,470000,Wandsworth,Inner,South,Conservative,11949,83.49,7.98,23.25,55.5,2.2,4.8,76.3
E02000935,249950,Wandsworth,Inner,South,Conservative,4906,70.83,20.91,35.88,75.4,11.6,7.9,75
E02000936,400000,Wandsworth,Inner,South,Conservative,9431,76.8,5.45,20.64,53.4,2.4,7.3,80.7
E02000937,594700,Wandsworth,Inner,South,Conservative,6397,71.66,6.07,12.87,40.7,1.6,6.2,78.8
E02000938,431000,Wandsworth,Inner,South,Conservative,5562,69,14.46,28.71,53.8,6.4,8.6,77.4
E02000939,999950,Wandsworth,Inner,South,Conservative,11033,66.48,6.38,13.69,32.59999999999999,2.9,5.2,79.2
E02000940,309000,Wandsworth,Inner,South,Conservative,11241,75.35,12.45,37.36,58.4,6,6.9,80.2
E02000941,435500,Wandsworth,Inner,South,Conservative,9492,73.2,6.33,17.41,42.4,2.3,5.9,76.9
E02000942,500000,Wandsworth,Inner,South,Conservative,9130,70.14,6.11,20.69,36.9,1.6,5.8,80.3
E02000943,500000,Wandsworth,Inner,South,Conservative,11864,77.35,5.72,20.55,48.7,1.8,6,79.5
E02000944,250000,Wandsworth,Inner,South,Conservative,12008,71.49,16.81,38.52,64.1,7.3,6.5,73.7
E02000945,222500,Wandsworth,Inner,South,Conservative,3547,73.27,15.52,34.65,66.69999999999999,6.6,9.2,76.7
E02000946,370000,Wandsworth,Inner,South,Conservative,7852,78.23,9.11,27.53,49.2,3.3,4.8,79.6
E02000947,474000,Wandsworth,Inner,South,Conservative,9994,73.48,5.81,18.21,39.4,1.9,5,80
E02000948,390750,Wandsworth,Inner,South,Conservative,7326,79.72,6.01,25.45,51.2,2.4,5.9,78.4
E02000949,520000,Wandsworth,Inner,South,Conservative,6822,73.44,4.86,17.59,39.9,1.3,5.3,74.4
E02000950,295000,Wandsworth,Inner,South,Conservative,8579,71.95,9.59,26.64,48,4.2,6.7,80.9
E02000951,390000,Wandsworth,Inner,South,Conservative,13116,77.31,7.47,28.56,53.2,2.5,7.4,77.5
E02000952,405000,Wandsworth,Inner,South,Conservative,10652,75.18,8.4,27.54,55.4,3.2,8,79.4
E02000953,430000,Wandsworth,Inner,South,Conservative,10562,78.3,6.33,28.3,51,2.2,6.6,79.6
E02000954,416250,Wandsworth,Inner,South,Conservative,13977,72.15,10.87,47.57,43.8,4.5,7.6,85.4
E02000955,347500,Wandsworth,Inner,South,Conservative,11765,69.86,16.03,53.5,55.3,7,8.5,78.2
E02000956,277500,Wandsworth,Inner,South,Conservative,8909,75.65,12.88,50.98,65.6,6.8,10.2,74.2
E02000957,295000,Wandsworth,Inner,South,Conservative,14576,74.7,10.52,47.59,53.8,5,9.8,77.8
E02000958,350000,Wandsworth,Inner,South,Conservative,9501,68.75,12.38,40.06,36.9,4.3,6.3,82.7
E02000959,249000,Wandsworth,Inner,South,Conservative,14570,71.13,14.43,46.62,51,6.8,7.7,75.8
E02000960,750000,Westminster,Inner,Central,Conservative,7295,67.12,6.91,38.72,51.5,3.5,7.7,88.5
E02000961,485000,Westminster,Inner,Central,Conservative,11851,67.88,11.25,37.49,59.2,7.1,6.9,84.2
E02000962,500000,Westminster,Inner,Central,Conservative,12518,67.5,7.41,44.78,63.59999999999999,4.1,8.6,85.4
E02000963,442384,Westminster,Inner,Central,Conservative,21836,68.54,21.61,52.94,73.9,11.2,7.6,74.7
E02000964,317500,Westminster,Inner,Central,Conservative,25164,73.04,15.91,50.06,76.3,8.9,5.6,73.8
E02000965,520000,Westminster,Inner,Central,Conservative,17619,76.98,10.2,34.03,62,5.2,5,80.2
E02000966,735000,Westminster,Inner,Central,Conservative,17089,74.27,6.24,29.86,54.2,2.8,6.1,82.1
E02000967,755000,Westminster,Inner,Central,Conservative,5425,78.4,4.63,39.35,55.1,2.5,9.4,90.9
E02000968,370000,Westminster,Inner,Central,Conservative,24021,66.52,19.38,61.55,79.9,13,6.5,78.1
E02000969,360000,Westminster,Inner,Central,Conservative,17466,66.78,20.09,57.31,77.9,13.8,8,76.5
E02000970,963000,Westminster,Inner,Central,Conservative,8581,77.7,3.53,26.83,63.7,1.4,7.2,86.3
E02000971,635000,Westminster,Inner,Central,Conservative,15396,77.94,5.49,36.38,66.2,2.6,6.1,88.5
E02000972,710000,Westminster,Inner,Central,Conservative,6672,83.18,4.69,32.53,73.6,2,4.4,87.4
E02000973,606500,Westminster,Inner,Central,Conservative,18582,76.33,6.51,30.41,62.5,3.1,6,84.6
E02000974,580000,Westminster,Inner,Central,Conservative,12956,74.69,7.56,47.79,61.6,5.2,7,86
E02000975,736250,Westminster,Inner,Central,Conservative,18437,81.69,4.31,33.79,65.3,2.2,5.5,87.6
E02000976,610000,Westminster,Inner,Central,Conservative,21278,78.91,5.77,36.99,65.8,3.5,5.7,80.6
E02000977,887000,Westminster,Inner,Central,Conservative,3241,82.55,4.08,30.68,68.7,1.4,7.1,88.6
E02000978,2930000,Westminster,Inner,Central,Conservative,2636,75.58,4.74,30.44,43.3,2.7,8.8,97.7
E02000979,877500,Westminster,Inner,Central,Conservative,6020,76.29,6.65,26.37,62.5,3.1,6.7,83.3
E02000980,556000,Westminster,Inner,Central,Conservative,20152,72.12,10.23,32.06,66.5,4.7,7.4,79.7
E02000981,592500,Westminster,Inner,Central,Conservative,25054,79.58,5.28,20.87,61.09999999999999,2,7.6,83.2
E02000982,680000,Westminster,Inner,Central,Conservative,13125,69.53,11.37,35.72,71.6,6.6,5.1,82.2
E02000983,535000,Westminster,Inner,Central,Conservative,22924,70.07,9.5,29.75,74.1,5.1,7.4,84.3
